Show,Season,Episode,Rating
The Office (US),1,1,7.3
The Office (US),1,2,8.1
The Office (US),1,3,7.6
The Office (US),1,4,7.8
The Office (US),1,5,8.2
The Office (US),1,6,7.6
The Office (US),2,1,8.6
The Office (US),2,2,8.1
The Office (US),2,3,8.2
The Office (US),2,4,8.1
The Office (US),2,5,7.9
The Office (US),2,6,7.9
The Office (US),2,7,8.5
The Office (US),2,8,8
The Office (US),2,9,8.2
The Office (US),2,10,8.7
The Office (US),2,11,8.5
The Office (US),2,12,9
The Office (US),2,13,8.1
The Office (US),2,14,7.6
The Office (US),2,15,8
The Office (US),2,16,8.1
The Office (US),2,17,8.3
The Office (US),2,18,8.2
The Office (US),2,19,8
The Office (US),2,20,8.2
The Office (US),2,21,8.6
The Office (US),2,22,9.3
The Office (US),3,1,8.9
The Office (US),3,2,8
The Office (US),3,3,8.4
The Office (US),3,4,7.8
The Office (US),3,5,7.9
The Office (US),3,6,7.7
The Office (US),3,7,8.5
The Office (US),3,8,8.6
The Office (US),3,9,8.2
The Office (US),3,10,8.7
The Office (US),3,11,8.5
The Office (US),3,12,8.5
The Office (US),3,13,8.7
The Office (US),3,14,7.9
The Office (US),3,15,8
The Office (US),3,16,8.8
The Office (US),3,17,8.3
The Office (US),3,18,8.9
The Office (US),3,19,8.6
The Office (US),3,20,8.5
The Office (US),3,21,8.7
The Office (US),3,22,9
The Office (US),3,23,9.2
The Office (US),4,1,8.7
The Office (US),4,2,8.1
The Office (US),4,3,8.2
The Office (US),4,4,8.5
The Office (US),4,5,8.6
The Office (US),4,6,8.3
The Office (US),4,7,8
The Office (US),4,8,8.6
The Office (US),4,9,9.4
The Office (US),4,10,7.8
The Office (US),4,11,8.5
The Office (US),4,12,8.1
The Office (US),4,13,7.6
The Office (US),4,14,9.2
The Office (US),5,1,8.7
The Office (US),5,2,8.1
The Office (US),5,3,7.8
The Office (US),5,4,7.9
The Office (US),5,5,7.9
The Office (US),5,6,8.4
The Office (US),5,7,8
The Office (US),5,8,8.5
The Office (US),5,9,8.6
The Office (US),5,10,8.2
The Office (US),5,11,8.6
The Office (US),5,12,7.8
The Office (US),5,13,9.7
The Office (US),5,14,8
The Office (US),5,15,8
The Office (US),5,16,7.8
The Office (US),5,17,8.5
The Office (US),5,18,8.1
The Office (US),5,19,8.2
The Office (US),5,20,8.1
The Office (US),5,21,8.6
The Office (US),5,22,8.5
The Office (US),5,23,9.2
The Office (US),5,24,8.1
The Office (US),5,25,8.7
The Office (US),5,26,8.9
The Office (US),6,1,8.7
The Office (US),6,2,7.9
The Office (US),6,3,7.8
The Office (US),6,4,9.2
The Office (US),6,5,9.4
The Office (US),6,6,7.5
The Office (US),6,7,8.5
The Office (US),6,8,8
The Office (US),6,9,7.9
The Office (US),6,10,8.6
The Office (US),6,11,8
The Office (US),6,12,8.2
The Office (US),6,13,8.4
The Office (US),6,14,6.7
The Office (US),6,15,7.5
The Office (US),6,16,7.9
The Office (US),6,17,8.3
The Office (US),6,18,8.4
The Office (US),6,19,7.5
The Office (US),6,20,7.6
The Office (US),6,21,8.4
The Office (US),6,22,7.7
The Office (US),6,23,7.7
The Office (US),6,24,8
The Office (US),6,25,7.6
The Office (US),6,26,7.8
The Office (US),7,1,8.2
The Office (US),7,2,8
The Office (US),7,3,8.1
The Office (US),7,4,7.7
The Office (US),7,5,7.6
The Office (US),7,6,8
The Office (US),7,7,7.2
The Office (US),7,8,7.7
The Office (US),7,9,7.5
The Office (US),7,10,8
The Office (US),7,11,8.8
The Office (US),7,12,8.1
The Office (US),7,13,7.5
The Office (US),7,14,8.4
The Office (US),7,15,8.3
The Office (US),7,16,9.3
The Office (US),7,17,7.3
The Office (US),7,18,9.3
The Office (US),7,19,7.5
The Office (US),7,20,8.9
The Office (US),7,21,9.8
The Office (US),7,22,7.4
The Office (US),7,23,8.5
The Office (US),7,24,8.6
The Office (US),8,1,7.9
The Office (US),8,2,8
The Office (US),8,3,7.1
The Office (US),8,4,8
The Office (US),8,5,7.3
The Office (US),8,6,7.4
The Office (US),8,7,7.5
The Office (US),8,8,6.6
The Office (US),8,9,7.5
The Office (US),8,10,7.7
The Office (US),8,11,7.7
The Office (US),8,12,7.9
The Office (US),8,13,7.3
The Office (US),8,14,7.5
The Office (US),8,15,7.7
The Office (US),8,16,7.9
The Office (US),8,17,7.7
The Office (US),8,18,7.6
The Office (US),8,19,6.4
The Office (US),8,20,6.8
The Office (US),8,21,6.7
The Office (US),8,22,6.9
The Office (US),8,23,7.4
The Office (US),8,24,7.5
The Office (US),9,1,7.4
The Office (US),9,2,6.9
The Office (US),9,3,7.1
The Office (US),9,4,7.6
The Office (US),9,5,6.7
The Office (US),9,6,7.5
The Office (US),9,7,7.4
The Office (US),9,8,7.7
The Office (US),9,9,8.2
The Office (US),9,10,7.4
The Office (US),9,11,7.6
The Office (US),9,12,7.6
The Office (US),9,13,7.3
The Office (US),9,14,7.2
The Office (US),9,15,7
The Office (US),9,16,7.8
The Office (US),9,17,7.3
The Office (US),9,18,7.7
The Office (US),9,19,7.8
The Office (US),9,20,7.8
The Office (US),9,21,9
The Office (US),9,22,9.4
The Office (US),9,23,9.8
New Girl,1,1,7.5
New Girl,1,2,7.2
New Girl,1,3,7.5
New Girl,1,4,7.9
New Girl,1,5,7.7
New Girl,1,6,7.7
New Girl,1,7,7
New Girl,1,8,7.4
New Girl,1,9,7.6
New Girl,1,10,7.6
New Girl,1,11,7.8
New Girl,1,12,8
New Girl,1,13,7.8
New Girl,1,14,7.3
New Girl,1,15,7.8
New Girl,1,16,7.3
New Girl,1,17,7.8
New Girl,1,18,7.9
New Girl,1,19,8.1
New Girl,1,20,7.6
New Girl,1,21,7.8
New Girl,1,22,7.5
New Girl,1,23,7.5
New Girl,1,24,7.8
New Girl,2,1,7.3
New Girl,2,2,7.7
New Girl,2,3,7.6
New Girl,2,4,7.1
New Girl,2,5,7.7
New Girl,2,6,7.8
New Girl,2,7,7.7
New Girl,2,8,7.6
New Girl,2,9,7.5
New Girl,2,10,7.7
New Girl,2,11,8.1
New Girl,2,12,7.7
New Girl,2,13,7
New Girl,2,14,7.9
New Girl,2,15,9
New Girl,2,16,8
New Girl,2,17,8.1
New Girl,2,18,7.7
New Girl,2,19,8.4
New Girl,2,20,7.6
New Girl,2,21,7.7
New Girl,2,22,7.5
New Girl,2,23,8.4
New Girl,2,24,8
New Girl,2,25,8.6
New Girl,3,1,7.7
New Girl,3,2,7.5
New Girl,3,3,7.6
New Girl,3,4,7.4
New Girl,3,5,7.1
New Girl,3,6,7.6
New Girl,3,7,7.6
New Girl,3,8,7.3
New Girl,3,9,7.4
New Girl,3,10,7.3
New Girl,3,11,7.4
New Girl,3,12,7.2
New Girl,3,13,8.3
New Girl,3,14,8.5
New Girl,3,15,7.5
New Girl,3,16,7.2
New Girl,3,17,7.1
New Girl,3,18,7.2
New Girl,3,19,7.6
New Girl,3,20,7.3
New Girl,3,21,7.5
New Girl,3,22,7.4
New Girl,3,23,7.7
New Girl,4,1,7.6
New Girl,4,2,7.5
New Girl,4,3,7.2
New Girl,4,4,7.3
New Girl,4,5,7.9
New Girl,4,6,8.7
New Girl,4,7,8.1
New Girl,4,8,7.9
New Girl,4,9,8.1
New Girl,4,10,7.6
New Girl,4,11,7.5
New Girl,4,12,7.3
New Girl,4,13,7.2
New Girl,4,14,7.1
New Girl,4,15,7.6
New Girl,4,16,7.4
New Girl,4,17,8.2
New Girl,4,18,7.4
New Girl,4,19,7.4
New Girl,4,20,7.3
New Girl,4,21,7.6
New Girl,4,22,9
New Girl,5,1,7.7
New Girl,5,2,7.2
New Girl,5,3,7.5
New Girl,5,4,7.3
New Girl,5,5,7.3
New Girl,5,6,7.5
New Girl,5,7,7.2
New Girl,5,8,7.3
New Girl,5,9,7.3
New Girl,5,10,7.4
New Girl,5,11,7.3
New Girl,5,12,7.8
New Girl,5,13,7.1
New Girl,5,14,7
New Girl,5,15,7.1
New Girl,5,16,7.5
New Girl,5,17,7.6
New Girl,5,18,8.1
New Girl,5,19,7.2
New Girl,5,20,7.4
New Girl,5,21,8.2
New Girl,5,22,8.8
New Girl,6,1,7.5
New Girl,6,2,6.5
New Girl,6,3,7.1
New Girl,6,4,7.4
New Girl,6,5,7.4
New Girl,6,6,7.3
New Girl,6,7,7.1
New Girl,6,8,7.4
New Girl,6,9,7.1
New Girl,6,10,7.5
New Girl,6,11,7.3
New Girl,6,12,7.2
New Girl,6,13,7.3
New Girl,6,14,7.4
New Girl,6,15,7.7
New Girl,6,16,7.7
New Girl,6,17,7
New Girl,6,18,7.5
New Girl,6,19,7.5
New Girl,6,20,7.5
New Girl,6,21,8.1
New Girl,6,22,9.1
New Girl,7,1,7.2
New Girl,7,2,7.1
New Girl,7,3,7.2
New Girl,7,4,7.4
New Girl,7,5,7.2
New Girl,7,6,7.8
New Girl,7,7,7.9
New Girl,7,8,8.3
Cheers,1,1,8.2
Cheers,1,2,7.6
Cheers,1,3,7.5
Cheers,1,4,7.6
Cheers,1,5,7.9
Cheers,1,6,7.7
Cheers,1,7,7.3
Cheers,1,8,8
Cheers,1,9,7.6
Cheers,1,10,8.2
Cheers,1,11,7.7
Cheers,1,12,7.5
Cheers,1,13,7.3
Cheers,1,14,7.4
Cheers,1,15,7
Cheers,1,16,7.9
Cheers,1,17,8.1
Cheers,1,18,7.4
Cheers,1,19,8.5
Cheers,1,20,7.4
Cheers,1,21,7.7
Cheers,1,22,8.2
Cheers,2,1,7.7
Cheers,2,2,7.3
Cheers,2,3,7.4
Cheers,2,4,7.9
Cheers,2,5,7.6
Cheers,2,6,7.4
Cheers,2,7,7.5
Cheers,2,8,7.4
Cheers,2,9,7.4
Cheers,2,10,7.4
Cheers,2,11,7.5
Cheers,2,12,7.6
Cheers,2,13,7.6
Cheers,2,14,7.5
Cheers,2,15,7.6
Cheers,2,16,7.9
Cheers,2,17,7.5
Cheers,2,18,7.5
Cheers,2,19,7.5
Cheers,2,20,7.2
Cheers,2,21,7.4
Cheers,2,22,7.9
Cheers,3,1,7.9
Cheers,3,2,7.9
Cheers,3,3,8
Cheers,3,4,8.1
Cheers,3,5,7.5
Cheers,3,6,7.6
Cheers,3,7,7.4
Cheers,3,8,7.5
Cheers,3,9,7.1
Cheers,3,10,7.5
Cheers,3,11,7.4
Cheers,3,12,7.5
Cheers,3,13,7.5
Cheers,3,14,8.2
Cheers,3,15,7.3
Cheers,3,16,7.5
Cheers,3,17,7.8
Cheers,3,18,7.5
Cheers,3,19,7.7
Cheers,3,20,7.3
Cheers,3,21,7.9
Cheers,3,22,8.1
Cheers,3,23,8.1
Cheers,3,24,7.3
Cheers,3,25,7.8
Cheers,4,1,7.7
Cheers,4,2,7.4
Cheers,4,3,7.3
Cheers,4,4,7.3
Cheers,4,5,7.9
Cheers,4,6,7.8
Cheers,4,7,7.5
Cheers,4,8,7.3
Cheers,4,9,7.8
Cheers,4,10,7.3
Cheers,4,11,7.7
Cheers,4,12,7.7
Cheers,4,13,7.3
Cheers,4,14,8
Cheers,4,15,7.8
Cheers,4,16,7.7
Cheers,4,17,7.9
Cheers,4,18,7.5
Cheers,4,19,7.8
Cheers,4,20,7
Cheers,4,21,7.7
Cheers,4,22,7.8
Cheers,4,23,7.4
Cheers,4,24,7.8
Cheers,4,25,7.8
Cheers,4,26,7.9
Cheers,5,1,8
Cheers,5,2,7.4
Cheers,5,3,7.3
Cheers,5,4,8.6
Cheers,5,5,7.5
Cheers,5,6,7.6
Cheers,5,7,7.7
Cheers,5,8,7.5
Cheers,5,9,8.6
Cheers,5,10,8
Cheers,5,11,7.5
Cheers,5,12,7.5
Cheers,5,13,7.6
Cheers,5,14,7.5
Cheers,5,15,7.3
Cheers,5,16,7.4
Cheers,5,17,7.4
Cheers,5,18,7.9
Cheers,5,19,7.5
Cheers,5,20,8.8
Cheers,5,21,8.6
Cheers,5,22,7.4
Cheers,5,23,7.4
Cheers,5,24,7.8
Cheers,5,25,7.1
Cheers,5,26,8.5
Cheers,6,1,8
Cheers,6,2,7.5
Cheers,6,3,7.2
Cheers,6,4,7.1
Cheers,6,5,8.1
Cheers,6,6,7.8
Cheers,6,7,7.6
Cheers,6,8,8.3
Cheers,6,9,7.5
Cheers,6,10,7.7
Cheers,6,11,7.3
Cheers,6,12,7.7
Cheers,6,13,7.8
Cheers,6,14,8.1
Cheers,6,15,7.3
Cheers,6,16,7.5
Cheers,6,17,7.8
Cheers,6,18,7.7
Cheers,6,19,7.2
Cheers,6,20,7.5
Cheers,6,21,7.6
Cheers,6,22,7.2
Cheers,6,23,7.9
Cheers,6,24,8.2
Cheers,6,25,7.7
Cheers,7,1,7.6
Cheers,7,2,7.6
Cheers,7,3,7.3
Cheers,7,4,7.4
Cheers,7,5,7.2
Cheers,7,6,8.2
Cheers,7,7,8.1
Cheers,7,8,7.9
Cheers,7,9,7.8
Cheers,7,10,8.1
Cheers,7,11,7.5
Cheers,7,12,7.6
Cheers,7,13,8.1
Cheers,7,14,7.8
Cheers,7,15,7.6
Cheers,7,16,7.7
Cheers,7,17,7.3
Cheers,7,18,7.5
Cheers,7,19,7.8
Cheers,7,20,7.3
Cheers,7,21,8.2
Cheers,7,22,7.4
Cheers,8,1,7.8
Cheers,8,2,7.6
Cheers,8,3,7.5
Cheers,8,4,7.3
Cheers,8,5,7.7
Cheers,8,6,8.1
Cheers,8,7,7.6
Cheers,8,8,7.3
Cheers,8,9,7.6
Cheers,8,10,7.4
Cheers,8,11,7.5
Cheers,8,12,7.2
Cheers,8,13,7.1
Cheers,8,14,7.3
Cheers,8,15,7.8
Cheers,8,16,7.6
Cheers,8,17,7.5
Cheers,8,18,7.7
Cheers,8,19,8
Cheers,8,20,7.4
Cheers,8,21,7.7
Cheers,8,22,7.5
Cheers,8,23,7.2
Cheers,8,24,7.3
Cheers,8,25,7.5
Cheers,8,26,8
Cheers,9,1,7.4
Cheers,9,2,7.5
Cheers,9,3,7.9
Cheers,9,4,7.2
Cheers,9,5,7.4
Cheers,9,6,7.2
Cheers,9,7,7.7
Cheers,9,8,7.4
Cheers,9,9,7.9
Cheers,9,10,8.1
Cheers,9,11,7.7
Cheers,9,12,7.7
Cheers,9,13,6.9
Cheers,9,14,7.5
Cheers,9,15,8
Cheers,9,16,7.6
Cheers,9,17,7.8
Cheers,9,18,7.4
Cheers,9,19,7.2
Cheers,9,20,7.6
Cheers,9,21,7.3
Cheers,9,22,7.7
Cheers,9,23,7.3
Cheers,9,24,7.7
Cheers,9,25,7.5
Cheers,9,26,7.5
Cheers,10,1,7.2
Cheers,10,2,7.7
Cheers,10,3,6.6
Cheers,10,4,7.8
Cheers,10,5,7.3
Cheers,10,6,7.5
Cheers,10,7,8.1
Cheers,10,8,7.7
Cheers,10,9,7.3
Cheers,10,10,7.3
Cheers,10,11,7.7
Cheers,10,12,7.2
Cheers,10,13,7.4
Cheers,10,14,7.8
Cheers,10,15,7.3
Cheers,10,16,8.5
Cheers,10,17,7.3
Cheers,10,18,7.7
Cheers,10,19,7.5
Cheers,10,20,7.8
Cheers,10,21,7.2
Cheers,10,22,7.4
Cheers,10,23,8.2
Cheers,10,24,8.1
Cheers,10,25,8.6
Cheers,11,1,7.9
Cheers,11,2,7.8
Cheers,11,3,7.6
Cheers,11,4,7.7
Cheers,11,5,7.6
Cheers,11,6,7.5
Cheers,11,7,7.7
Cheers,11,8,7.9
Cheers,11,9,7.3
Cheers,11,10,7.4
Cheers,11,11,7.6
Cheers,11,12,7.9
Cheers,11,13,7.4
Cheers,11,14,7.5
Cheers,11,15,7.4
Cheers,11,16,8.1
Cheers,11,17,8.2
Cheers,11,18,7.5
Cheers,11,19,8.3
Cheers,11,20,7.8
Cheers,11,21,8.2
Cheers,11,22,8.3
Cheers,11,23,7.6
Cheers,11,24,7.7
Cheers,11,25,9.1
Friends,1,1,8.1
Friends,1,2,7.9
Friends,1,3,8
Friends,1,4,7.9
Friends,1,5,8.3
Friends,1,6,8
Friends,1,7,8.9
Friends,1,8,7.9
Friends,1,9,8.1
Friends,1,10,7.9
Friends,1,11,8
Friends,1,12,8
Friends,1,13,8.5
Friends,1,14,8.1
Friends,1,15,8.1
Friends,1,16,8
Friends,1,17,8.3
Friends,1,18,8.7
Friends,1,19,7.9
Friends,1,20,7.7
Friends,1,21,7.6
Friends,1,22,8.1
Friends,1,23,8.6
Friends,1,24,8.7
Friends,2,1,8.4
Friends,2,2,8
Friends,2,3,8.2
Friends,2,4,7.8
Friends,2,5,8.1
Friends,2,6,8.4
Friends,2,7,8.9
Friends,2,8,8.4
Friends,2,9,7.8
Friends,2,10,7.8
Friends,2,11,7.9
Friends,2,12,8.5
Friends,2,13,8.6
Friends,2,14,9.3
Friends,2,15,8.7
Friends,2,16,8.5
Friends,2,17,8.1
Friends,2,18,8.3
Friends,2,19,8.4
Friends,2,20,8
Friends,2,21,8
Friends,2,22,8.9
Friends,2,23,7.9
Friends,2,24,8.1
Friends,3,1,8.3
Friends,3,2,8.9
Friends,3,3,7.9
Friends,3,4,7.9
Friends,3,5,8
Friends,3,6,9
Friends,3,7,8.1
Friends,3,8,8.2
Friends,3,9,8.9
Friends,3,10,8
Friends,3,11,8.4
Friends,3,12,8.1
Friends,3,13,8.1
Friends,3,14,7.7
Friends,3,15,8.4
Friends,3,16,9
Friends,3,17,8.2
Friends,3,18,8.2
Friends,3,19,8
Friends,3,20,7.9
Friends,3,21,8.6
Friends,3,22,8.1
Friends,3,23,7.9
Friends,3,24,8
Friends,3,25,8.7
Friends,4,1,8.9
Friends,4,2,7.9
Friends,4,3,8.4
Friends,4,4,8
Friends,4,5,8.3
Friends,4,6,8.4
Friends,4,7,8.6
Friends,4,8,9
Friends,4,9,7.7
Friends,4,10,7.9
Friends,4,11,8.4
Friends,4,12,9.4
Friends,4,13,8.1
Friends,4,14,8.1
Friends,4,15,8.4
Friends,4,16,8.1
Friends,4,17,8.5
Friends,4,18,8.1
Friends,4,19,8.6
Friends,4,20,8.4
Friends,4,21,6.9
Friends,4,22,8.3
Friends,4,23,8.6
Friends,4,24,9.1
Friends,5,1,8.8
Friends,5,2,8.9
Friends,5,3,8.7
Friends,5,4,8.1
Friends,5,5,8.6
Friends,5,6,7.9
Friends,5,7,8.2
Friends,5,8,9
Friends,5,9,9
Friends,5,10,8
Friends,5,11,9
Friends,5,12,8.1
Friends,5,13,7.9
Friends,5,14,9.7
Friends,5,15,8.4
Friends,5,16,8.5
Friends,5,17,8.3
Friends,5,18,7.8
Friends,5,19,8.6
Friends,5,20,8.1
Friends,5,21,8.3
Friends,5,22,8.1
Friends,5,23,8.7
Friends,5,24,9
Friends,6,1,8.6
Friends,6,2,8
Friends,6,3,8
Friends,6,4,8.4
Friends,6,5,8
Friends,6,6,8.4
Friends,6,7,8.2
Friends,6,8,8.3
Friends,6,9,9.1
Friends,6,10,8.5
Friends,6,11,7.9
Friends,6,12,7.8
Friends,6,13,8.1
Friends,6,14,8.4
Friends,6,15,8.3
Friends,6,16,8.4
Friends,6,17,9
Friends,6,18,8.2
Friends,6,19,8.1
Friends,6,20,7.2
Friends,6,21,8.5
Friends,6,22,8.9
Friends,6,23,8.4
Friends,6,24,8.6
Friends,6,25,9.2
Friends,7,1,8.3
Friends,7,2,8.1
Friends,7,3,8
Friends,7,4,7.9
Friends,7,5,7.9
Friends,7,6,8.7
Friends,7,7,8.3
Friends,7,8,8
Friends,7,9,8
Friends,7,10,8.4
Friends,7,11,8.4
Friends,7,12,8.5
Friends,7,13,8.3
Friends,7,14,8.4
Friends,7,15,8.3
Friends,7,16,8.6
Friends,7,17,8.2
Friends,7,18,8.2
Friends,7,19,8.5
Friends,7,20,8.2
Friends,7,21,7.2
Friends,7,22,8.2
Friends,7,23,8.7
Friends,7,24,9.1
Friends,8,1,8.6
Friends,8,2,9
Friends,8,3,8.6
Friends,8,4,9.2
Friends,8,5,7.9
Friends,8,6,8.4
Friends,8,7,7.7
Friends,8,8,8.6
Friends,8,9,9.2
Friends,8,10,7.9
Friends,8,11,7.8
Friends,8,12,8.4
Friends,8,13,8.4
Friends,8,14,8
Friends,8,15,8.2
Friends,8,16,8.1
Friends,8,17,7.9
Friends,8,18,8
Friends,8,19,7.2
Friends,8,20,8.1
Friends,8,21,8
Friends,8,22,8.2
Friends,8,23,8.7
Friends,8,24,8.8
Friends,9,1,8.5
Friends,9,2,8.4
Friends,9,3,8.1
Friends,9,4,8
Friends,9,5,8.3
Friends,9,6,8.2
Friends,9,7,8.5
Friends,9,8,8.7
Friends,9,9,8
Friends,9,10,7.2
Friends,9,11,7.8
Friends,9,12,7.7
Friends,9,13,8
Friends,9,14,8
Friends,9,15,8.2
Friends,9,16,8
Friends,9,17,8.3
Friends,9,18,8.5
Friends,9,19,7.9
Friends,9,20,8.1
Friends,9,21,8.1
Friends,9,22,7.6
Friends,9,23,8.5
Friends,10,1,8.4
Friends,10,2,8.7
Friends,10,3,8.6
Friends,10,4,8.2
Friends,10,5,8
Friends,10,6,8
Friends,10,7,8.1
Friends,10,8,8.8
Friends,10,9,8.4
Friends,10,10,7.8
Friends,10,11,8.9
Friends,10,12,8.8
Friends,10,13,8.3
Friends,10,14,8.5
Friends,10,15,8.4
Friends,10,16,8.8
Friends,10,17,9.6
The X-Files,1,1,8.2
The X-Files,1,2,8
The X-Files,1,3,8.5
The X-Files,1,4,7.5
The X-Files,1,5,6.9
The X-Files,1,6,7.2
The X-Files,1,7,6.7
The X-Files,1,8,8.7
The X-Files,1,9,6.2
The X-Files,1,10,7.8
The X-Files,1,11,8.1
The X-Files,1,12,7.3
The X-Files,1,13,8.6
The X-Files,1,14,7.3
The X-Files,1,15,7
The X-Files,1,16,7.2
The X-Files,1,17,8.4
The X-Files,1,18,7.1
The X-Files,1,19,7
The X-Files,1,20,8.4
The X-Files,1,21,8.3
The X-Files,1,22,7.1
The X-Files,1,23,7.2
The X-Files,1,24,9
The X-Files,2,1,8
The X-Files,2,2,8.2
The X-Files,2,3,7.4
The X-Files,2,4,7.7
The X-Files,2,5,8.6
The X-Files,2,6,8.6
The X-Files,2,7,6.3
The X-Files,2,8,8.3
The X-Files,2,9,7.1
The X-Files,2,10,7.6
The X-Files,2,11,6.9
The X-Files,2,12,7.3
The X-Files,2,13,8
The X-Files,2,14,8.1
The X-Files,2,15,7.1
The X-Files,2,16,8.7
The X-Files,2,17,8.7
The X-Files,2,18,6.5
The X-Files,2,19,7.5
The X-Files,2,20,8.6
The X-Files,2,21,7.5
The X-Files,2,22,8
The X-Files,2,23,7.8
The X-Files,2,24,7.8
The X-Files,2,25,9.1
The X-Files,3,1,8.6
The X-Files,3,2,9
The X-Files,3,3,7.8
The X-Files,3,4,9.2
The X-Files,3,5,7.1
The X-Files,3,6,7.4
The X-Files,3,7,7.1
The X-Files,3,8,7.7
The X-Files,3,9,8.5
The X-Files,3,10,8.7
The X-Files,3,11,7.2
The X-Files,3,12,8.7
The X-Files,3,13,7.6
The X-Files,3,14,7.3
The X-Files,3,15,8.4
The X-Files,3,16,8.6
The X-Files,3,17,8.5
The X-Files,3,18,5.9
The X-Files,3,19,7
The X-Files,3,20,8.9
The X-Files,3,21,7.6
The X-Files,3,22,8.1
The X-Files,3,23,8.3
The X-Files,3,24,8.6
The X-Files,4,1,8.4
The X-Files,4,2,8.8
The X-Files,4,3,6.6
The X-Files,4,4,8
The X-Files,4,5,6.7
The X-Files,4,6,7.3
The X-Files,4,7,9
The X-Files,4,8,8.5
The X-Files,4,9,8.1
The X-Files,4,10,8.7
The X-Files,4,11,6.7
The X-Files,4,12,8.3
The X-Files,4,13,7.5
The X-Files,4,14,8.4
The X-Files,4,15,6.9
The X-Files,4,16,7.2
The X-Files,4,17,8.4
The X-Files,4,18,8.4
The X-Files,4,19,7.7
The X-Files,4,20,8.9
The X-Files,4,21,8.1
The X-Files,4,22,7.8
The X-Files,4,23,7.8
The X-Files,4,24,8.6
The X-Files,5,1,8.6
The X-Files,5,2,9
The X-Files,5,3,8.4
The X-Files,5,4,8.1
The X-Files,5,5,8.5
The X-Files,5,6,7.7
The X-Files,5,7,7.6
The X-Files,5,8,7.7
The X-Files,5,9,7
The X-Files,5,10,7.5
The X-Files,5,11,7.8
The X-Files,5,12,9.2
The X-Files,5,13,8.2
The X-Files,5,14,8.3
The X-Files,5,15,7.4
The X-Files,5,16,7.7
The X-Files,5,17,7.3
The X-Files,5,18,8
The X-Files,5,19,8.5
The X-Files,5,20,8.8
The X-Files,6,1,8.1
The X-Files,6,2,8.5
The X-Files,6,3,8.6
The X-Files,6,4,9
The X-Files,6,5,8.8
The X-Files,6,6,8.2
The X-Files,6,7,7.7
The X-Files,6,8,7.3
The X-Files,6,9,7.8
The X-Files,6,10,8.3
The X-Files,6,11,8.6
The X-Files,6,12,8.8
The X-Files,6,13,7.3
The X-Files,6,14,8.8
The X-Files,6,15,8.4
The X-Files,6,16,6.4
The X-Files,6,17,7.2
The X-Files,6,18,7.6
The X-Files,6,19,8.4
The X-Files,6,20,7.9
The X-Files,6,21,8.5
The X-Files,6,22,8.2
The X-Files,7,1,7.8
The X-Files,7,2,7.8
The X-Files,7,3,7.8
The X-Files,7,4,7.8
The X-Files,7,5,7.3
The X-Files,7,6,8.2
The X-Files,7,7,7.5
The X-Files,7,8,8.1
The X-Files,7,9,6.6
The X-Files,7,10,8
The X-Files,7,11,8.1
The X-Files,7,12,8.4
The X-Files,7,13,6.1
The X-Files,7,14,7.3
The X-Files,7,15,8
The X-Files,7,16,7.4
The X-Files,7,17,7.1
The X-Files,7,18,7.5
The X-Files,7,19,7.3
The X-Files,7,20,6
The X-Files,7,21,8.4
The X-Files,7,22,8.6
The X-Files,8,1,8.2
The X-Files,8,2,8.3
The X-Files,8,3,7.5
The X-Files,8,4,8
The X-Files,8,5,7.6
The X-Files,8,6,8.3
The X-Files,8,7,7.5
The X-Files,8,8,6.8
The X-Files,8,9,6.8
The X-Files,8,10,6.8
The X-Files,8,11,7.7
The X-Files,8,12,7.3
The X-Files,8,13,7.8
The X-Files,8,14,8.3
The X-Files,8,15,8.2
The X-Files,8,16,8.1
The X-Files,8,17,7.1
The X-Files,8,18,7.8
The X-Files,8,19,7.8
The X-Files,8,20,8.4
The X-Files,8,21,8.7
The X-Files,9,1,7.3
The X-Files,9,2,7.3
The X-Files,9,3,7.1
The X-Files,9,4,7.8
The X-Files,9,5,6.9
The X-Files,9,6,7.4
The X-Files,9,7,7.4
The X-Files,9,8,7
The X-Files,9,9,7.4
The X-Files,9,10,7.2
The X-Files,9,11,7.5
The X-Files,9,12,7
The X-Files,9,13,7.3
The X-Files,9,14,7.3
The X-Files,9,15,7.3
The X-Files,9,16,7.6
The X-Files,9,17,8.1
The X-Files,9,18,7.6
The X-Files,9,19,8.2
The X-Files,10,1,7.8
The X-Files,10,2,7.8
The X-Files,10,3,8
The X-Files,10,4,7.2
The X-Files,10,5,6.4
The X-Files,10,6,7
The X-Files,11,1,6.4
The X-Files,11,2,7.2
The X-Files,11,3,7.8
The X-Files,11,4,8.2
The X-Files,11,5,7.9
The X-Files,11,6,7.3
The X-Files,11,7,8
The X-Files,11,8,8
The X-Files,11,9,6.6
The X-Files,11,10,7.3
Bones,1,1,7.6
Bones,1,2,7.3
Bones,1,3,7.5
Bones,1,4,7.8
Bones,1,5,7.8
Bones,1,6,7.4
Bones,1,7,8.1
Bones,1,8,7.9
Bones,1,9,8.6
Bones,1,10,7.5
Bones,1,11,7.7
Bones,1,12,7.7
Bones,1,13,7.5
Bones,1,14,7.4
Bones,1,15,8.4
Bones,1,16,7.6
Bones,1,17,7.5
Bones,1,18,7.5
Bones,1,19,8
Bones,1,20,8.2
Bones,1,21,7.5
Bones,1,22,8.6
Bones,2,1,7.5
Bones,2,2,7.7
Bones,2,3,7.7
Bones,2,4,8.1
Bones,2,5,7.6
Bones,2,6,7.5
Bones,2,7,7.6
Bones,2,8,7.9
Bones,2,9,9.2
Bones,2,10,7.7
Bones,2,11,8.5
Bones,2,12,8.6
Bones,2,13,7.7
Bones,2,14,7.6
Bones,2,15,8
Bones,2,16,7.3
Bones,2,17,7.7
Bones,2,18,7.9
Bones,2,19,7.5
Bones,2,20,7.7
Bones,2,21,8.1
Bones,3,1,7.8
Bones,3,2,7.5
Bones,3,3,7.2
Bones,3,4,7.5
Bones,3,5,8.2
Bones,3,6,7.7
Bones,3,7,7.6
Bones,3,8,8.2
Bones,3,9,8.4
Bones,3,10,7.4
Bones,3,11,7.5
Bones,3,12,8
Bones,3,13,8.4
Bones,3,14,8.5
Bones,3,15,8.2
Bones,4,1,7.5
Bones,4,2,7.5
Bones,4,3,7.3
Bones,4,4,7.6
Bones,4,5,8.1
Bones,4,6,7.3
Bones,4,7,7.6
Bones,4,8,7.4
Bones,4,9,7.7
Bones,4,10,8.2
Bones,4,11,7.5
Bones,4,12,8.1
Bones,4,13,7.6
Bones,4,14,8.6
Bones,4,15,7.6
Bones,4,16,7.5
Bones,4,17,7.5
Bones,4,18,7.7
Bones,4,19,7.6
Bones,4,20,7.5
Bones,4,21,8
Bones,4,22,8.5
Bones,4,23,7.7
Bones,4,24,7.3
Bones,4,25,8.1
Bones,4,26,7.7
Bones,5,1,7.9
Bones,5,2,7.9
Bones,5,3,7.8
Bones,5,4,7.5
Bones,5,5,7.9
Bones,5,6,7.3
Bones,5,7,7.7
Bones,5,8,7.8
Bones,5,9,7.5
Bones,5,10,8.1
Bones,5,11,7.8
Bones,5,12,8.5
Bones,5,13,7.4
Bones,5,14,7.6
Bones,5,15,7.7
Bones,5,16,8.7
Bones,5,17,8.2
Bones,5,18,7.5
Bones,5,19,7.2
Bones,5,20,8
Bones,5,21,8.5
Bones,5,22,8.2
Bones,6,1,8.1
Bones,6,2,7.3
Bones,6,3,7.4
Bones,6,4,7.7
Bones,6,5,7.5
Bones,6,6,7.9
Bones,6,7,7.4
Bones,6,8,7.4
Bones,6,9,8.7
Bones,6,10,7.5
Bones,6,11,8.4
Bones,6,12,7.3
Bones,6,13,7.6
Bones,6,14,7.6
Bones,6,15,7.8
Bones,6,16,8.3
Bones,6,17,7.6
Bones,6,18,7.4
Bones,6,19,7.4
Bones,6,20,7.3
Bones,6,21,8.7
Bones,6,22,9.1
Bones,6,23,8.5
Bones,7,1,7.9
Bones,7,2,7.8
Bones,7,3,7.7
Bones,7,4,7.7
Bones,7,5,7.6
Bones,7,6,8.5
Bones,7,7,7.8
Bones,7,8,7.7
Bones,7,9,7.5
Bones,7,10,7.5
Bones,7,11,7.5
Bones,7,12,7.9
Bones,7,13,8.7
Bones,8,1,8.5
Bones,8,2,7.6
Bones,8,3,7.9
Bones,8,4,7.4
Bones,8,5,7.5
Bones,8,6,8.8
Bones,8,7,7.6
Bones,8,8,7.5
Bones,8,9,6.7
Bones,8,10,7
Bones,8,11,7.5
Bones,8,12,8.5
Bones,8,13,7.3
Bones,8,14,7.3
Bones,8,15,7.7
Bones,8,16,7.7
Bones,8,17,7.4
Bones,8,18,7.5
Bones,8,19,7.4
Bones,8,20,7.3
Bones,8,21,7.2
Bones,8,22,7.3
Bones,8,23,8.3
Bones,8,24,7.7
Bones,9,1,7.7
Bones,9,2,7.6
Bones,9,3,7.5
Bones,9,4,8.2
Bones,9,5,7.5
Bones,9,6,8.5
Bones,9,7,7.3
Bones,9,8,7.3
Bones,9,9,7.7
Bones,9,10,7.6
Bones,9,11,7.7
Bones,9,12,7.6
Bones,9,13,8.2
Bones,9,14,7.7
Bones,9,15,7.6
Bones,9,16,7.5
Bones,9,17,7.3
Bones,9,18,6.9
Bones,9,19,7.4
Bones,9,20,7.6
Bones,9,21,7.3
Bones,9,22,7.8
Bones,9,23,7.5
Bones,9,24,8.9
Bones,10,1,8.5
Bones,10,2,8.2
Bones,10,3,7.1
Bones,10,4,7.3
Bones,10,5,7.7
Bones,10,6,7.6
Bones,10,7,7.2
Bones,10,8,7.4
Bones,10,9,7.3
Bones,10,10,7.5
Bones,10,11,7.1
Bones,10,12,7.4
Bones,10,13,7.1
Bones,10,14,7.2
Bones,10,15,7.5
Bones,10,16,7.2
Bones,10,17,7.5
Bones,10,18,7.6
Bones,10,19,7.5
Bones,10,20,7.3
Bones,10,21,7.4
Bones,10,22,7.8
Bones,11,1,8
Bones,11,2,7.9
Bones,11,3,7.4
Bones,11,4,7.7
Bones,11,5,7.4
Bones,11,6,7.5
Bones,11,7,7.2
Bones,11,8,7.5
Bones,11,9,7.8
Bones,11,10,8.5
Bones,11,11,7.5
Bones,11,12,6.9
Bones,11,13,8.2
Bones,11,14,7.7
Bones,11,15,7.6
Bones,11,16,7.1
Bones,11,17,7.8
Bones,11,18,7.8
Bones,11,19,7.5
Bones,11,20,7.7
Bones,11,21,7.7
Bones,11,22,8.9
Bones,12,1,8.2
Bones,12,2,7.5
Bones,12,3,7.5
Bones,12,4,7.8
Bones,12,5,7.4
Bones,12,6,7.4
Bones,12,7,8
Bones,12,8,7.6
Bones,12,9,7.3
Bones,12,10,7.1
Bones,12,11,8.5
Bones,12,12,8.2
Gilmore Girls,1,1,8.1
Gilmore Girls,1,2,8
Gilmore Girls,1,3,7.8
Gilmore Girls,1,4,7.9
Gilmore Girls,1,5,7.8
Gilmore Girls,1,6,8.5
Gilmore Girls,1,7,8.4
Gilmore Girls,1,8,8.1
Gilmore Girls,1,9,8.7
Gilmore Girls,1,10,8.3
Gilmore Girls,1,11,7.7
Gilmore Girls,1,12,7.8
Gilmore Girls,1,13,8
Gilmore Girls,1,14,7.9
Gilmore Girls,1,15,8.1
Gilmore Girls,1,16,8.1
Gilmore Girls,1,17,8.1
Gilmore Girls,1,18,8
Gilmore Girls,1,19,8.1
Gilmore Girls,1,20,8
Gilmore Girls,1,21,8.5
Gilmore Girls,2,1,8.1
Gilmore Girls,2,2,8
Gilmore Girls,2,3,7.9
Gilmore Girls,2,4,8.1
Gilmore Girls,2,5,8.1
Gilmore Girls,2,6,8.1
Gilmore Girls,2,7,8.2
Gilmore Girls,2,8,7.9
Gilmore Girls,2,9,7.9
Gilmore Girls,2,10,8.6
Gilmore Girls,2,11,7.6
Gilmore Girls,2,12,7.9
Gilmore Girls,2,13,8.4
Gilmore Girls,2,14,7.8
Gilmore Girls,2,15,8
Gilmore Girls,2,16,8.4
Gilmore Girls,2,17,7.9
Gilmore Girls,2,18,7.8
Gilmore Girls,2,19,8.5
Gilmore Girls,2,20,7.9
Gilmore Girls,2,21,8.6
Gilmore Girls,2,22,8.7
Gilmore Girls,3,1,8.1
Gilmore Girls,3,2,8
Gilmore Girls,3,3,7.7
Gilmore Girls,3,4,7.9
Gilmore Girls,3,5,7.7
Gilmore Girls,3,6,7.8
Gilmore Girls,3,7,8.9
Gilmore Girls,3,8,8.4
Gilmore Girls,3,9,8.4
Gilmore Girls,3,10,8
Gilmore Girls,3,11,7.5
Gilmore Girls,3,12,7.6
Gilmore Girls,3,13,8.6
Gilmore Girls,3,14,7.9
Gilmore Girls,3,15,7.9
Gilmore Girls,3,16,8.4
Gilmore Girls,3,17,8.1
Gilmore Girls,3,18,7.9
Gilmore Girls,3,19,8.3
Gilmore Girls,3,20,8
Gilmore Girls,3,21,7.7
Gilmore Girls,3,22,8.9
Gilmore Girls,4,1,7.9
Gilmore Girls,4,2,8.5
Gilmore Girls,4,3,7.9
Gilmore Girls,4,4,7.9
Gilmore Girls,4,5,7.9
Gilmore Girls,4,6,7.7
Gilmore Girls,4,7,8.1
Gilmore Girls,4,8,7.6
Gilmore Girls,4,9,8
Gilmore Girls,4,10,7.7
Gilmore Girls,4,11,8.1
Gilmore Girls,4,12,7.9
Gilmore Girls,4,13,8.2
Gilmore Girls,4,14,8.5
Gilmore Girls,4,15,8.2
Gilmore Girls,4,16,8.2
Gilmore Girls,4,17,8
Gilmore Girls,4,18,8.1
Gilmore Girls,4,19,7.9
Gilmore Girls,4,20,8.5
Gilmore Girls,4,21,8.8
Gilmore Girls,4,22,9.3
Gilmore Girls,5,1,8.1
Gilmore Girls,5,2,7.9
Gilmore Girls,5,3,8.4
Gilmore Girls,5,4,7.8
Gilmore Girls,5,5,7.7
Gilmore Girls,5,6,7.7
Gilmore Girls,5,7,8.5
Gilmore Girls,5,8,7.9
Gilmore Girls,5,9,7.8
Gilmore Girls,5,10,8.2
Gilmore Girls,5,11,7.8
Gilmore Girls,5,12,8
Gilmore Girls,5,13,8.8
Gilmore Girls,5,14,8.6
Gilmore Girls,5,15,8
Gilmore Girls,5,16,8.6
Gilmore Girls,5,17,8
Gilmore Girls,5,18,7.6
Gilmore Girls,5,19,8.2
Gilmore Girls,5,20,7.5
Gilmore Girls,5,21,7.8
Gilmore Girls,5,22,8.5
Gilmore Girls,6,1,7.7
Gilmore Girls,6,2,7.5
Gilmore Girls,6,3,7.4
Gilmore Girls,6,4,7.3
Gilmore Girls,6,5,8.3
Gilmore Girls,6,6,7.7
Gilmore Girls,6,7,7.9
Gilmore Girls,6,8,8.5
Gilmore Girls,6,9,8.4
Gilmore Girls,6,10,7.4
Gilmore Girls,6,11,7.7
Gilmore Girls,6,12,7.6
Gilmore Girls,6,13,9
Gilmore Girls,6,14,7.9
Gilmore Girls,6,15,7.6
Gilmore Girls,6,16,7.5
Gilmore Girls,6,17,7.5
Gilmore Girls,6,18,7.8
Gilmore Girls,6,19,8.3
Gilmore Girls,6,20,7.8
Gilmore Girls,6,21,7.8
Gilmore Girls,6,22,7.9
Gilmore Girls,7,1,7.5
Gilmore Girls,7,2,7.3
Gilmore Girls,7,3,7.3
Gilmore Girls,7,4,7.4
Gilmore Girls,7,5,7.2
Gilmore Girls,7,6,7.1
Gilmore Girls,7,7,6.4
Gilmore Girls,7,8,7.1
Gilmore Girls,7,9,7.2
Gilmore Girls,7,10,7.3
Gilmore Girls,7,11,7.4
Gilmore Girls,7,12,7.9
Gilmore Girls,7,13,8
Gilmore Girls,7,14,7.5
Gilmore Girls,7,15,7.7
Gilmore Girls,7,16,7.9
Gilmore Girls,7,17,7.6
Gilmore Girls,7,18,7.8
Gilmore Girls,7,19,8
Gilmore Girls,7,20,8.5
Gilmore Girls,7,21,8.2
Gilmore Girls,7,22,9.1
Moonlighting,1,1,7.5
Moonlighting,1,2,7.3
Moonlighting,1,3,7.1
Moonlighting,1,4,7.6
Moonlighting,1,5,7.3
Moonlighting,1,6,7.5
Moonlighting,2,1,7.6
Moonlighting,2,2,7.7
Moonlighting,2,3,7.3
Moonlighting,2,4,8.3
Moonlighting,2,5,7.4
Moonlighting,2,6,7.6
Moonlighting,2,7,7.4
Moonlighting,2,8,7.3
Moonlighting,2,9,7.4
Moonlighting,2,10,7.7
Moonlighting,2,11,7.5
Moonlighting,2,12,7.2
Moonlighting,2,13,7.4
Moonlighting,2,14,7.7
Moonlighting,2,15,7.6
Moonlighting,2,16,7.3
Moonlighting,2,17,7.4
Moonlighting,2,18,6.9
Moonlighting,3,1,7.3
Moonlighting,3,2,7.5
Moonlighting,3,3,7.5
Moonlighting,3,4,7.2
Moonlighting,3,5,7.3
Moonlighting,3,6,7.8
Moonlighting,3,7,8.4
Moonlighting,3,8,7.6
Moonlighting,3,9,6.4
Moonlighting,3,10,6.8
Moonlighting,3,11,7.5
Moonlighting,3,12,7.4
Moonlighting,3,13,7.7
Moonlighting,3,14,8
Moonlighting,3,15,7.4
Moonlighting,4,1,6.8
Moonlighting,4,2,6.8
Moonlighting,4,3,6.9
Moonlighting,4,4,6.6
Moonlighting,4,5,7
Moonlighting,4,6,7
Moonlighting,4,7,7.1
Moonlighting,4,8,6.7
Moonlighting,4,9,6.9
Moonlighting,4,10,6.6
Moonlighting,4,11,7.1
Moonlighting,4,12,6.9
Moonlighting,4,13,6.8
Moonlighting,4,14,7.3
Moonlighting,5,1,6.4
Moonlighting,5,2,6.8
Moonlighting,5,3,6.9
Moonlighting,5,4,7.3
Moonlighting,5,5,7
Moonlighting,5,6,7.1
Moonlighting,5,7,6.7
Moonlighting,5,8,7.2
Moonlighting,5,9,7.2
Moonlighting,5,10,7.3
Moonlighting,5,11,6.7
Moonlighting,5,12,7.1
Moonlighting,5,13,7.5
Castle,1,1,8.3
Castle,1,2,7.6
Castle,1,3,7.7
Castle,1,4,7.6
Castle,1,5,8
Castle,1,6,7.6
Castle,1,7,8
Castle,1,8,7.8
Castle,1,9,7.7
Castle,1,10,8.2
Castle,2,1,8
Castle,2,2,8.2
Castle,2,3,7.8
Castle,2,4,8.3
Castle,2,5,8.2
Castle,2,6,8.5
Castle,2,7,7.7
Castle,2,8,7.9
Castle,2,9,8.1
Castle,2,10,8
Castle,2,11,8.4
Castle,2,12,8.4
Castle,2,13,8.7
Castle,2,14,8.2
Castle,2,15,7.5
Castle,2,16,8
Castle,2,17,9.1
Castle,2,18,8.9
Castle,2,19,7.9
Castle,2,20,7.7
Castle,2,21,8.2
Castle,2,22,7.9
Castle,2,23,7.7
Castle,2,24,8.6
Castle,3,1,8.4
Castle,3,2,7.8
Castle,3,3,8.1
Castle,3,4,8.3
Castle,3,5,8.1
Castle,3,6,8.7
Castle,3,7,7.5
Castle,3,8,7.9
Castle,3,9,8.4
Castle,3,10,8.4
Castle,3,11,8.8
Castle,3,12,8.1
Castle,3,13,9
Castle,3,14,7.8
Castle,3,15,8
Castle,3,16,8.6
Castle,3,17,8.8
Castle,3,18,7.7
Castle,3,19,8.1
Castle,3,20,7.9
Castle,3,21,7.7
Castle,3,22,8.5
Castle,3,23,7.5
Castle,3,24,9.2
Castle,4,1,8.5
Castle,4,2,8.4
Castle,4,3,7.7
Castle,4,4,8.1
Castle,4,5,8.2
Castle,4,6,8.3
Castle,4,7,9
Castle,4,8,7.6
Castle,4,9,8.5
Castle,4,10,8.7
Castle,4,11,8.1
Castle,4,12,8
Castle,4,13,7.9
Castle,4,14,8.8
Castle,4,15,8.7
Castle,4,16,8.5
Castle,4,17,8
Castle,4,18,7.5
Castle,4,19,8.5
Castle,4,20,7.8
Castle,4,21,8.4
Castle,4,22,8.6
Castle,4,23,9.4
Castle,5,1,9
Castle,5,2,8.2
Castle,5,3,8.2
Castle,5,4,8.8
Castle,5,5,9.2
Castle,5,6,8.7
Castle,5,7,7.6
Castle,5,8,8
Castle,5,9,8.1
Castle,5,10,8.1
Castle,5,11,7.5
Castle,5,12,7.5
Castle,5,13,8.2
Castle,5,14,7.8
Castle,5,15,9.1
Castle,5,16,9.3
Castle,5,17,8.2
Castle,5,18,8.5
Castle,5,19,9.1
Castle,5,20,7.4
Castle,5,21,7.8
Castle,5,22,8.5
Castle,5,23,7.9
Castle,5,24,8.2
Castle,6,1,8.4
Castle,6,2,7.9
Castle,6,3,7.7
Castle,6,4,8.3
Castle,6,5,8.8
Castle,6,6,7.8
Castle,6,7,8.3
Castle,6,8,7.6
Castle,6,9,8.9
Castle,6,10,8.2
Castle,6,11,8.6
Castle,6,12,8.5
Castle,6,13,7.9
Castle,6,14,7.8
Castle,6,15,8.2
Castle,6,16,8.2
Castle,6,17,8.7
Castle,6,18,8.2
Castle,6,19,7.7
Castle,6,20,8.2
Castle,6,21,7.3
Castle,6,22,9.1
Castle,6,23,7.8
Castle,7,1,8
Castle,7,2,8.1
Castle,7,3,7.9
Castle,7,4,7.9
Castle,7,5,8
Castle,7,6,8.6
Castle,7,7,8.1
Castle,7,8,8
Castle,7,9,7.5
Castle,7,10,7.8
Castle,7,11,8.5
Castle,7,12,7.8
Castle,7,13,8.1
Castle,7,14,9
Castle,7,15,9.1
Castle,7,16,8
Castle,7,17,7.8
Castle,7,18,8.2
Castle,7,19,7.7
Castle,7,20,7.7
Castle,7,21,8.1
Castle,7,22,7.4
Castle,7,23,8.6
Castle,8,1,8.2
Castle,8,2,7.2
Castle,8,3,7.4
Castle,8,4,7.2
Castle,8,5,8.2
Castle,8,6,7.9
Castle,8,7,7.9
Castle,8,8,7.7
Castle,8,9,7.6
Castle,8,10,8.1
Castle,8,11,8
Castle,8,12,8.5
Castle,8,13,7.6
Castle,8,14,7.9
Castle,8,15,7.8
Castle,8,16,8
Castle,8,17,7.6
Castle,8,18,7.5
Castle,8,19,8
Castle,8,20,7.5
Castle,8,21,7.9
Castle,8,22,7
Frasier,1,1,8.5
Frasier,1,2,7.9
Frasier,1,3,8.1
Frasier,1,4,7.8
Frasier,1,5,7.8
Frasier,1,6,7.6
Frasier,1,7,7.8
Frasier,1,8,8
Frasier,1,9,7.9
Frasier,1,10,7.9
Frasier,1,11,7.6
Frasier,1,12,8.4
Frasier,1,13,7.9
Frasier,1,14,7.6
Frasier,1,15,7.7
Frasier,1,16,8.3
Frasier,1,17,8.5
Frasier,1,18,7.7
Frasier,1,19,8
Frasier,1,20,7.5
Frasier,1,21,8.7
Frasier,1,22,8.2
Frasier,1,23,8.5
Frasier,1,24,8.7
Frasier,2,1,7.7
Frasier,2,2,7.6
Frasier,2,3,9.2
Frasier,2,4,8.1
Frasier,2,5,7.6
Frasier,2,6,8
Frasier,2,7,8.2
Frasier,2,8,7.8
Frasier,2,9,8
Frasier,2,10,7.5
Frasier,2,11,8.2
Frasier,2,12,7.8
Frasier,2,13,8.2
Frasier,2,14,7.6
Frasier,2,15,7.8
Frasier,2,16,7.9
Frasier,2,17,8.8
Frasier,2,18,8
Frasier,2,19,8
Frasier,2,20,8.2
Frasier,2,21,8.8
Frasier,2,22,8.3
Frasier,2,23,8.9
Frasier,2,24,8.2
Frasier,3,1,8.1
Frasier,3,2,7.9
Frasier,3,3,7.8
Frasier,3,4,7.5
Frasier,3,5,7.9
Frasier,3,6,8.1
Frasier,3,7,8.3
Frasier,3,8,8.1
Frasier,3,9,8
Frasier,3,10,7.4
Frasier,3,11,7.1
Frasier,3,12,7.6
Frasier,3,13,9.1
Frasier,3,14,7.9
Frasier,3,15,7.9
Frasier,3,16,8.2
Frasier,3,17,8.4
Frasier,3,18,8.2
Frasier,3,19,7.7
Frasier,3,20,7.7
Frasier,3,21,8
Frasier,3,22,7.8
Frasier,3,23,8
Frasier,3,24,8.2
Frasier,4,1,9.1
Frasier,4,2,7.9
Frasier,4,3,8
Frasier,4,4,7.9
Frasier,4,5,8.2
Frasier,4,6,8.8
Frasier,4,7,8.2
Frasier,4,8,7.7
Frasier,4,9,7.8
Frasier,4,10,7.5
Frasier,4,11,7.9
Frasier,4,12,8.2
Frasier,4,13,8.2
Frasier,4,14,8.6
Frasier,4,15,8
Frasier,4,16,7.6
Frasier,4,17,7.7
Frasier,4,18,9.4
Frasier,4,19,8.2
Frasier,4,20,8.5
Frasier,4,21,8.4
Frasier,4,22,7.5
Frasier,4,23,7.9
Frasier,5,1,8.6
Frasier,5,2,8.3
Frasier,5,3,9
Frasier,5,4,7.8
Frasier,5,5,7.7
Frasier,5,6,8.1
Frasier,5,7,7.7
Frasier,5,8,7.3
Frasier,5,9,8.5
Frasier,5,10,7.6
Frasier,5,11,7.6
Frasier,5,12,7.8
Frasier,5,13,8.1
Frasier,5,14,9.5
Frasier,5,15,8.8
Frasier,5,16,7.5
Frasier,5,17,8
Frasier,5,18,7.6
Frasier,5,19,7.4
Frasier,5,20,8.6
Frasier,5,21,8.4
Frasier,5,22,8.2
Frasier,5,23,7.6
Frasier,5,24,7.7
Frasier,6,1,7.7
Frasier,6,2,7.6
Frasier,6,3,8.6
Frasier,6,4,7.5
Frasier,6,5,7.3
Frasier,6,6,7.6
Frasier,6,7,8.2
Frasier,6,8,8.2
Frasier,6,9,7.5
Frasier,6,10,8.7
Frasier,6,11,7.8
Frasier,6,12,7.5
Frasier,6,13,7.3
Frasier,6,14,8.9
Frasier,6,15,8.2
Frasier,6,16,8.4
Frasier,6,17,8.2
Frasier,6,18,7.9
Frasier,6,19,8
Frasier,6,20,8.1
Frasier,6,21,8
Frasier,6,22,8.3
Frasier,6,23,8.1
Frasier,6,24,8.4
Frasier,7,1,8.1
Frasier,7,2,7.6
Frasier,7,3,7.9
Frasier,7,4,7.5
Frasier,7,5,7.6
Frasier,7,6,7.6
Frasier,7,7,8.4
Frasier,7,8,7.9
Frasier,7,9,7.8
Frasier,7,10,8.7
Frasier,7,11,8.3
Frasier,7,12,8.3
Frasier,7,13,8.2
Frasier,7,14,7.6
Frasier,7,15,9
Frasier,7,16,7.6
Frasier,7,17,7.8
Frasier,7,18,7.7
Frasier,7,19,7.6
Frasier,7,20,8.3
Frasier,7,21,7.6
Frasier,7,22,8.4
Frasier,7,23,8.6
Frasier,7,24,9.1
Frasier,8,1,8.1
Frasier,8,2,8.3
Frasier,8,3,7.5
Frasier,8,4,7.4
Frasier,8,5,8.5
Frasier,8,6,7.3
Frasier,8,7,7.6
Frasier,8,8,7
Frasier,8,9,7.9
Frasier,8,10,7.2
Frasier,8,11,7.6
Frasier,8,12,8.1
Frasier,8,13,7.8
Frasier,8,14,8.2
Frasier,8,15,8.2
Frasier,8,16,7.4
Frasier,8,17,7.3
Frasier,8,18,7.4
Frasier,8,19,8.3
Frasier,8,20,7.5
Frasier,8,21,7.4
Frasier,8,22,7.6
Frasier,8,23,7.4
Frasier,8,24,7.6
Frasier,9,1,7.4
Frasier,9,2,8
Frasier,9,3,7.6
Frasier,9,4,8.1
Frasier,9,5,7.6
Frasier,9,6,8.1
Frasier,9,7,8.3
Frasier,9,8,7.7
Frasier,9,9,7.2
Frasier,9,10,7.3
Frasier,9,11,7.3
Frasier,9,12,7.1
Frasier,9,13,6.9
Frasier,9,14,7.5
Frasier,9,15,8.2
Frasier,9,16,7.7
Frasier,9,17,7.6
Frasier,9,18,7.3
Frasier,9,19,7.8
Frasier,9,20,8
Frasier,9,21,7.8
Frasier,9,22,7.4
Frasier,9,23,7.7
Frasier,9,24,7.6
Frasier,10,1,8
Frasier,10,2,7.8
Frasier,10,3,7.6
Frasier,10,4,7.2
Frasier,10,5,7.8
Frasier,10,6,8.3
Frasier,10,7,7.4
Frasier,10,8,8.4
Frasier,10,9,7.6
Frasier,10,10,7.4
Frasier,10,11,8.2
Frasier,10,12,7.3
Frasier,10,13,7.6
Frasier,10,14,8.5
Frasier,10,15,7.9
Frasier,10,16,7.7
Frasier,10,17,7.2
Frasier,10,18,8.2
Frasier,10,19,7
Frasier,10,20,7.4
Frasier,10,21,7.2
Frasier,10,22,8.6
Frasier,10,23,7.2
Frasier,10,24,7.5
Frasier,11,1,7.9
Frasier,11,2,8
Frasier,11,3,9.1
Frasier,11,4,7.7
Frasier,11,5,7.3
Frasier,11,6,8
Frasier,11,7,8.4
Frasier,11,8,8.4
Frasier,11,9,8.2
Frasier,11,10,7.5
Frasier,11,11,8.6
Frasier,11,12,7.4
Frasier,11,13,6.9
Frasier,11,14,6.9
Frasier,11,15,8.2
Frasier,11,16,8.3
Frasier,11,17,7.2
Frasier,11,18,7.6
Frasier,11,19,8
Frasier,11,20,8.1
Frasier,11,21,7.8
Frasier,11,22,7.6
Frasier,11,23,8.6
Frasier,11,24,9.1
Gossip Girl,7,18,7.5
Gossip Girl,7,19,7.5
Gossip Girl,7,20,7.5
Gossip Girl,7,21,7.4
Gossip Girl,7,22,7.6
Gossip Girl,1,6,7.5
Gossip Girl,1,7,8
Gossip Girl,1,8,7.7
Gossip Girl,1,9,7.6
Gossip Girl,1,10,7.8
Gossip Girl,1,11,7.6
Gossip Girl,1,12,7.5
Gossip Girl,1,13,7.7
Gossip Girl,1,14,7.8
Gossip Girl,1,15,7.5
Gossip Girl,1,16,8
Gossip Girl,1,17,8
Gossip Girl,1,18,7.8
Gossip Girl,2,1,7.9
Gossip Girl,2,2,7.5
Gossip Girl,2,3,7.6
Gossip Girl,2,4,7.7
Gossip Girl,2,5,7.9
Gossip Girl,2,6,7.8
Gossip Girl,2,7,7.9
Gossip Girl,2,8,8.1
Gossip Girl,2,9,7.9
Gossip Girl,2,10,7.5
Gossip Girl,2,11,7.7
Gossip Girl,2,12,7.8
Gossip Girl,2,13,8.4
Gossip Girl,2,14,7.8
Gossip Girl,2,15,7.8
Gossip Girl,2,16,7.8
Gossip Girl,2,17,7.6
Gossip Girl,2,18,7.5
Gossip Girl,2,19,7.4
Gossip Girl,2,20,7.4
Gossip Girl,2,21,7.7
Gossip Girl,2,22,7.6
Gossip Girl,2,23,7.9
Gossip Girl,2,24,8
Gossip Girl,2,25,8.5
Gossip Girl,3,1,7.4
Gossip Girl,3,2,7.5
Gossip Girl,3,3,7.6
Gossip Girl,3,4,7.8
Gossip Girl,3,5,7.7
Gossip Girl,3,6,7.6
Gossip Girl,3,7,7.6
Gossip Girl,3,8,7.5
Gossip Girl,3,9,7.7
Gossip Girl,3,10,7.6
Gossip Girl,3,11,7.7
Gossip Girl,3,12,7.9
Gossip Girl,3,13,7.3
Gossip Girl,3,14,7.3
Gossip Girl,3,15,7.4
Gossip Girl,3,16,7.4
Gossip Girl,3,17,7.8
Gossip Girl,3,18,7.7
Gossip Girl,3,19,7.3
Gossip Girl,3,20,7.3
Gossip Girl,3,21,7.7
Gossip Girl,3,22,8.2
Gossip Girl,4,1,7.8
Gossip Girl,4,2,8.2
Gossip Girl,4,3,7.5
Gossip Girl,4,4,7.6
Gossip Girl,4,5,7.4
Gossip Girl,4,6,7.8
Gossip Girl,4,7,7.8
Gossip Girl,4,8,7.7
Gossip Girl,4,9,7.9
Gossip Girl,4,10,7.9
Gossip Girl,4,11,8.1
Gossip Girl,4,12,7.4
Gossip Girl,4,13,7.4
Gossip Girl,4,14,7.1
Gossip Girl,4,15,7.3
Gossip Girl,4,16,7.4
Gossip Girl,4,17,7.7
Gossip Girl,4,18,7.1
Gossip Girl,4,19,7.3
Gossip Girl,4,20,7.3
Gossip Girl,4,21,7.4
Gossip Girl,4,22,8
Gossip Girl,5,1,7.5
Gossip Girl,5,2,7.2
Gossip Girl,5,3,7.5
Gossip Girl,5,4,7.8
Gossip Girl,5,5,7.3
Gossip Girl,5,6,7.6
Gossip Girl,5,7,7.1
Gossip Girl,5,8,7.5
Gossip Girl,5,9,7.3
Gossip Girl,5,10,8
Gossip Girl,5,11,6.9
Gossip Girl,5,12,7.3
Gossip Girl,5,13,8.3
Gossip Girl,5,14,7.7
Gossip Girl,5,15,7.5
Gossip Girl,5,16,7.6
Gossip Girl,5,17,7.6
Gossip Girl,5,18,7.3
Gossip Girl,5,19,7
Gossip Girl,5,20,7.4
Gossip Girl,5,21,7.2
Gossip Girl,5,22,8
Gossip Girl,5,23,7.5
Gossip Girl,5,24,7.7
Gossip Girl,6,1,7.5
Gossip Girl,6,2,7
Gossip Girl,6,3,6.9
Gossip Girl,6,4,7
Gossip Girl,6,5,7.1
Gossip Girl,6,6,7.5
Gossip Girl,6,7,7.6
Gossip Girl,6,8,7.7
Gossip Girl,6,9,8
Gossip Girl,6,10,9
Sex and the City,1,1,7.3
Sex and the City,1,2,7.3
Sex and the City,1,3,7.4
Sex and the City,1,4,7.5
Sex and the City,1,5,7.3
Sex and the City,1,6,7.3
Sex and the City,1,7,7.2
Sex and the City,1,8,7.3
Sex and the City,1,9,7.3
Sex and the City,1,10,7.5
Sex and the City,1,11,7.6
Sex and the City,1,12,7.5
Sex and the City,2,1,7.6
Sex and the City,2,2,7.3
Sex and the City,2,3,7.5
Sex and the City,2,4,7.6
Sex and the City,2,5,7.2
Sex and the City,2,6,7.3
Sex and the City,2,7,7.4
Sex and the City,2,8,7.8
Sex and the City,2,9,7.3
Sex and the City,2,10,7.5
Sex and the City,2,11,7.3
Sex and the City,2,12,7.8
Sex and the City,2,13,7.4
Sex and the City,2,14,7.3
Sex and the City,2,15,7.6
Sex and the City,2,16,7.6
Sex and the City,2,17,7.9
Sex and the City,2,18,8.2
Sex and the City,3,1,7.6
Sex and the City,3,2,7.5
Sex and the City,3,3,7.5
Sex and the City,3,4,7
Sex and the City,3,5,7.4
Sex and the City,3,6,7.6
Sex and the City,3,7,7.3
Sex and the City,3,8,7.4
Sex and the City,3,9,7.5
Sex and the City,3,10,7.4
Sex and the City,3,11,7.8
Sex and the City,3,12,8
Sex and the City,3,13,7.4
Sex and the City,3,14,7.5
Sex and the City,3,15,7.9
Sex and the City,3,16,7.4
Sex and the City,3,17,7.6
Sex and the City,3,18,7.7
Sex and the City,4,1,7.6
Sex and the City,4,2,8.2
Sex and the City,4,3,7.1
Sex and the City,4,4,7.2
Sex and the City,4,5,7.4
Sex and the City,4,6,7.3
Sex and the City,4,7,7.4
Sex and the City,4,8,8
Sex and the City,4,9,7.3
Sex and the City,4,10,7.5
Sex and the City,4,11,7.8
Sex and the City,4,12,7.7
Sex and the City,4,13,7.7
Sex and the City,4,14,7.7
Sex and the City,4,15,7.3
Sex and the City,4,16,7.5
Sex and the City,4,17,7.3
Sex and the City,4,18,8.2
Sex and the City,5,1,7.3
Sex and the City,5,2,7.3
Sex and the City,5,3,7.5
Sex and the City,5,4,7.3
Sex and the City,5,5,7.4
Sex and the City,5,6,7.5
Sex and the City,5,7,7.3
Sex and the City,5,8,7.7
Sex and the City,6,1,7.5
Sex and the City,6,2,7.4
Sex and the City,6,3,7.2
Sex and the City,6,4,7.4
Sex and the City,6,5,7.5
Sex and the City,6,6,7.6
Sex and the City,6,7,7.9
Sex and the City,6,8,7.8
Sex and the City,6,9,7.7
Sex and the City,6,10,7.5
Sex and the City,6,11,7.6
Sex and the City,6,12,7.9
Sex and the City,6,13,7.2
Sex and the City,6,14,7.8
Sex and the City,6,15,7.4
Sex and the City,6,16,7.5
Sex and the City,6,17,7.2
Sex and the City,6,18,7.7
Sex and the City,6,19,8.1
Sex and the City,6,20,8.8
How I Met Your Mother,1,1,8.4
How I Met Your Mother,1,2,8
How I Met Your Mother,1,3,8
How I Met Your Mother,1,4,7.8
How I Met Your Mother,1,5,8.2
How I Met Your Mother,1,6,7.9
How I Met Your Mother,1,7,7.6
How I Met Your Mother,1,8,8
How I Met Your Mother,1,9,7.9
How I Met Your Mother,1,10,9.1
How I Met Your Mother,1,11,8.2
How I Met Your Mother,1,12,8
How I Met Your Mother,1,13,8.6
How I Met Your Mother,1,14,8.1
How I Met Your Mother,1,15,9
How I Met Your Mother,1,16,7.7
How I Met Your Mother,1,17,7.5
How I Met Your Mother,1,18,8.3
How I Met Your Mother,1,19,8.7
How I Met Your Mother,1,20,7.7
How I Met Your Mother,1,21,8
How I Met Your Mother,1,22,8.7
How I Met Your Mother,2,1,8
How I Met Your Mother,2,2,8.1
How I Met Your Mother,2,3,8.4
How I Met Your Mother,2,4,8.7
How I Met Your Mother,2,5,8.7
How I Met Your Mother,2,6,8
How I Met Your Mother,2,7,8.9
How I Met Your Mother,2,8,7.8
How I Met Your Mother,2,9,9.4
How I Met Your Mother,2,10,8
How I Met Your Mother,2,11,8
How I Met Your Mother,2,12,8
How I Met Your Mother,2,13,7.8
How I Met Your Mother,2,14,8.3
How I Met Your Mother,2,15,8.3
How I Met Your Mother,2,16,8.3
How I Met Your Mother,2,17,8.1
How I Met Your Mother,2,18,7.9
How I Met Your Mother,2,19,8.3
How I Met Your Mother,2,20,8.8
How I Met Your Mother,2,21,8.7
How I Met Your Mother,2,22,8.7
How I Met Your Mother,3,1,8.1
How I Met Your Mother,3,2,7.5
How I Met Your Mother,3,3,8
How I Met Your Mother,3,4,7.6
How I Met Your Mother,3,5,8.9
How I Met Your Mother,3,6,7.9
How I Met Your Mother,3,7,7.9
How I Met Your Mother,3,8,9
How I Met Your Mother,3,9,8.9
How I Met Your Mother,3,10,7.8
How I Met Your Mother,3,11,8.4
How I Met Your Mother,3,12,8
How I Met Your Mother,3,13,8.7
How I Met Your Mother,3,14,8.6
How I Met Your Mother,3,15,7.8
How I Met Your Mother,3,16,8.1
How I Met Your Mother,3,17,8.1
How I Met Your Mother,3,18,7.9
How I Met Your Mother,3,19,7.5
How I Met Your Mother,3,20,8.5
How I Met Your Mother,4,1,8.5
How I Met Your Mother,4,2,8.4
How I Met Your Mother,4,3,7.5
How I Met Your Mother,4,4,8.7
How I Met Your Mother,4,5,8.2
How I Met Your Mother,4,6,7.9
How I Met Your Mother,4,7,7.6
How I Met Your Mother,4,8,7.9
How I Met Your Mother,4,9,9.1
How I Met Your Mother,4,10,8.2
How I Met Your Mother,4,11,8
How I Met Your Mother,4,12,8.5
How I Met Your Mother,4,13,8.4
How I Met Your Mother,4,14,8.2
How I Met Your Mother,4,15,8.2
How I Met Your Mother,4,16,7.6
How I Met Your Mother,4,17,8.2
How I Met Your Mother,4,18,7.5
How I Met Your Mother,4,19,8.3
How I Met Your Mother,4,20,7.5
How I Met Your Mother,4,21,8.6
How I Met Your Mother,4,22,8.1
How I Met Your Mother,4,23,7.5
How I Met Your Mother,4,24,8.6
How I Met Your Mother,5,1,8.4
How I Met Your Mother,5,2,8
How I Met Your Mother,5,3,8.2
How I Met Your Mother,5,4,7.8
How I Met Your Mother,5,5,7.6
How I Met Your Mother,5,6,7.6
How I Met Your Mother,5,7,7.6
How I Met Your Mother,5,8,9.3
How I Met Your Mother,5,9,7.8
How I Met Your Mother,5,10,8
How I Met Your Mother,5,11,7.7
How I Met Your Mother,5,12,9
How I Met Your Mother,5,13,8.5
How I Met Your Mother,5,14,8.7
How I Met Your Mother,5,15,7.9
How I Met Your Mother,5,16,7.6
How I Met Your Mother,5,17,8.2
How I Met Your Mother,5,18,8.1
How I Met Your Mother,5,19,7.5
How I Met Your Mother,5,20,7.7
How I Met Your Mother,5,21,7.6
How I Met Your Mother,5,22,8.1
How I Met Your Mother,5,23,7.9
How I Met Your Mother,5,24,8.3
How I Met Your Mother,6,1,8
How I Met Your Mother,6,2,8.2
How I Met Your Mother,6,3,7.6
How I Met Your Mother,6,4,8.5
How I Met Your Mother,6,5,7.6
How I Met Your Mother,6,6,7.6
How I Met Your Mother,6,7,7.5
How I Met Your Mother,6,8,8
How I Met Your Mother,6,9,8.4
How I Met Your Mother,6,10,9
How I Met Your Mother,6,11,7.8
How I Met Your Mother,6,12,8.1
How I Met Your Mother,6,13,8.9
How I Met Your Mother,6,14,8.6
How I Met Your Mother,6,15,8.7
How I Met Your Mother,6,16,7.9
How I Met Your Mother,6,17,7.5
How I Met Your Mother,6,18,8.1
How I Met Your Mother,6,19,8.2
How I Met Your Mother,6,20,7.5
How I Met Your Mother,6,21,7.8
How I Met Your Mother,6,22,7.7
How I Met Your Mother,6,23,7.6
How I Met Your Mother,6,24,8.4
How I Met Your Mother,7,1,8.4
How I Met Your Mother,7,2,7.9
How I Met Your Mother,7,3,8.8
How I Met Your Mother,7,4,7.9
How I Met Your Mother,7,5,7.3
How I Met Your Mother,7,6,7.6
How I Met Your Mother,7,7,7.6
How I Met Your Mother,7,8,7.3
How I Met Your Mother,7,9,8.2
How I Met Your Mother,7,10,8.9
How I Met Your Mother,7,11,7.8
How I Met Your Mother,7,12,8.7
How I Met Your Mother,7,13,7.7
How I Met Your Mother,7,14,7.5
How I Met Your Mother,7,15,7.3
How I Met Your Mother,7,16,7.9
How I Met Your Mother,7,17,8.3
How I Met Your Mother,7,18,7.8
How I Met Your Mother,7,19,8.5
How I Met Your Mother,7,20,8.5
How I Met Your Mother,7,21,7.8
How I Met Your Mother,7,22,7.6
How I Met Your Mother,7,23,8.4
How I Met Your Mother,7,24,8.7
How I Met Your Mother,8,1,8.4
How I Met Your Mother,8,2,7.3
How I Met Your Mother,8,3,7.2
How I Met Your Mother,8,4,7.4
How I Met Your Mother,8,5,7.3
How I Met Your Mother,8,6,7.4
How I Met Your Mother,8,7,7.2
How I Met Your Mother,8,8,7.3
How I Met Your Mother,8,9,7.3
How I Met Your Mother,8,10,7.9
How I Met Your Mother,8,11,8.4
How I Met Your Mother,8,12,9.3
How I Met Your Mother,8,13,7.7
How I Met Your Mother,8,14,7.7
How I Met Your Mother,8,15,8.1
How I Met Your Mother,8,16,7.4
How I Met Your Mother,8,17,7.7
How I Met Your Mother,8,18,7.9
How I Met Your Mother,8,19,7.8
How I Met Your Mother,8,20,8.3
How I Met Your Mother,8,21,7.2
How I Met Your Mother,8,22,8.7
How I Met Your Mother,8,23,7.4
How I Met Your Mother,8,24,8.7
How I Met Your Mother,9,1,7.7
How I Met Your Mother,9,2,7.6
How I Met Your Mother,9,3,7.4
How I Met Your Mother,9,4,7.2
How I Met Your Mother,9,5,7.1
How I Met Your Mother,9,6,7.3
How I Met Your Mother,9,7,7.2
How I Met Your Mother,9,8,7.1
How I Met Your Mother,9,9,8.1
How I Met Your Mother,9,10,6.6
How I Met Your Mother,9,11,5.8
How I Met Your Mother,9,12,7.6
How I Met Your Mother,9,13,8.1
How I Met Your Mother,9,14,5.9
How I Met Your Mother,9,15,8.2
How I Met Your Mother,9,16,9.5
How I Met Your Mother,9,17,8.1
How I Met Your Mother,9,18,7.9
How I Met Your Mother,9,19,7.6
How I Met Your Mother,9,20,8.3
How I Met Your Mother,9,21,8.1
How I Met Your Mother,9,22,8.8
How I Met Your Mother,9,23,6.7
How I Met Your Mother,9,24,5.5
Buffy the Vampire Slayer,1,1,7.9
Buffy the Vampire Slayer,1,2,7.7
Buffy the Vampire Slayer,1,3,7.5
Buffy the Vampire Slayer,1,4,6.7
Buffy the Vampire Slayer,1,5,7.2
Buffy the Vampire Slayer,1,6,7.2
Buffy the Vampire Slayer,1,7,8.4
Buffy the Vampire Slayer,1,8,6.5
Buffy the Vampire Slayer,1,9,7.5
Buffy the Vampire Slayer,1,10,8
Buffy the Vampire Slayer,1,11,7.5
Buffy the Vampire Slayer,1,12,8.7
Buffy the Vampire Slayer,2,1,8
Buffy the Vampire Slayer,2,2,6.8
Buffy the Vampire Slayer,2,3,8.7
Buffy the Vampire Slayer,2,4,7
Buffy the Vampire Slayer,2,5,7
Buffy the Vampire Slayer,2,6,8.8
Buffy the Vampire Slayer,2,7,8.2
Buffy the Vampire Slayer,2,8,7.6
Buffy the Vampire Slayer,2,9,8.1
Buffy the Vampire Slayer,2,10,8.4
Buffy the Vampire Slayer,2,11,7.4
Buffy the Vampire Slayer,2,12,6.6
Buffy the Vampire Slayer,2,13,8.5
Buffy the Vampire Slayer,2,14,9.2
Buffy the Vampire Slayer,2,15,7.9
Buffy the Vampire Slayer,2,16,8.7
Buffy the Vampire Slayer,2,17,9.3
Buffy the Vampire Slayer,2,18,7.3
Buffy the Vampire Slayer,2,19,8.3
Buffy the Vampire Slayer,2,20,6.7
Buffy the Vampire Slayer,2,21,9
Buffy the Vampire Slayer,2,22,9.5
Buffy the Vampire Slayer,3,1,7.8
Buffy the Vampire Slayer,3,2,7.3
Buffy the Vampire Slayer,3,3,8.1
Buffy the Vampire Slayer,3,4,7.4
Buffy the Vampire Slayer,3,5,8
Buffy the Vampire Slayer,3,6,8.6
Buffy the Vampire Slayer,3,7,8
Buffy the Vampire Slayer,3,8,8.8
Buffy the Vampire Slayer,3,9,9.1
Buffy the Vampire Slayer,3,10,8.3
Buffy the Vampire Slayer,3,11,7.2
Buffy the Vampire Slayer,3,12,8.3
Buffy the Vampire Slayer,3,13,8.6
Buffy the Vampire Slayer,3,14,8.2
Buffy the Vampire Slayer,3,15,8.1
Buffy the Vampire Slayer,3,16,9.2
Buffy the Vampire Slayer,3,17,8.6
Buffy the Vampire Slayer,3,18,8.7
Buffy the Vampire Slayer,3,19,8.1
Buffy the Vampire Slayer,3,20,8.7
Buffy the Vampire Slayer,3,21,8.9
Buffy the Vampire Slayer,3,22,9.2
Buffy the Vampire Slayer,4,1,7.6
Buffy the Vampire Slayer,4,2,7.5
Buffy the Vampire Slayer,4,3,7.9
Buffy the Vampire Slayer,4,4,8.4
Buffy the Vampire Slayer,4,5,6.3
Buffy the Vampire Slayer,4,6,7.9
Buffy the Vampire Slayer,4,7,7.9
Buffy the Vampire Slayer,4,8,8
Buffy the Vampire Slayer,4,9,8.9
Buffy the Vampire Slayer,4,10,9.7
Buffy the Vampire Slayer,4,11,7.5
Buffy the Vampire Slayer,4,12,8.2
Buffy the Vampire Slayer,4,13,7.4
Buffy the Vampire Slayer,4,14,7
Buffy the Vampire Slayer,4,15,8.4
Buffy the Vampire Slayer,4,16,8.9
Buffy the Vampire Slayer,4,17,7.2
Buffy the Vampire Slayer,4,18,6.3
Buffy the Vampire Slayer,4,19,8.2
Buffy the Vampire Slayer,4,20,8
Buffy the Vampire Slayer,4,21,8.3
Buffy the Vampire Slayer,4,22,8.7
Buffy the Vampire Slayer,5,1,7.6
Buffy the Vampire Slayer,5,2,7.4
Buffy the Vampire Slayer,5,3,8
Buffy the Vampire Slayer,5,4,7.5
Buffy the Vampire Slayer,5,5,8.1
Buffy the Vampire Slayer,5,6,8.1
Buffy the Vampire Slayer,5,7,9.1
Buffy the Vampire Slayer,5,8,7.3
Buffy the Vampire Slayer,5,9,7
Buffy the Vampire Slayer,5,10,7.4
Buffy the Vampire Slayer,5,11,7.6
Buffy the Vampire Slayer,5,12,8.3
Buffy the Vampire Slayer,5,13,8.2
Buffy the Vampire Slayer,5,14,8.5
Buffy the Vampire Slayer,5,15,7.4
Buffy the Vampire Slayer,5,16,9.7
Buffy the Vampire Slayer,5,17,8
Buffy the Vampire Slayer,5,18,8.6
Buffy the Vampire Slayer,5,19,8.1
Buffy the Vampire Slayer,5,20,8.2
Buffy the Vampire Slayer,5,21,7.9
Buffy the Vampire Slayer,5,22,9.5
Buffy the Vampire Slayer,6,1,8.1
Buffy the Vampire Slayer,6,2,8.2
Buffy the Vampire Slayer,6,3,7.8
Buffy the Vampire Slayer,6,4,7.2
Buffy the Vampire Slayer,6,5,7.8
Buffy the Vampire Slayer,6,6,7.1
Buffy the Vampire Slayer,6,7,9.7
Buffy the Vampire Slayer,6,8,9.1
Buffy the Vampire Slayer,6,9,7.9
Buffy the Vampire Slayer,6,10,7.6
Buffy the Vampire Slayer,6,11,7.7
Buffy the Vampire Slayer,6,12,6.7
Buffy the Vampire Slayer,6,13,7.5
Buffy the Vampire Slayer,6,14,7.6
Buffy the Vampire Slayer,6,15,6.7
Buffy the Vampire Slayer,6,16,7.5
Buffy the Vampire Slayer,6,17,8.5
Buffy the Vampire Slayer,6,18,7.8
Buffy the Vampire Slayer,6,19,8.5
Buffy the Vampire Slayer,6,20,8.8
Buffy the Vampire Slayer,6,21,8.7
Buffy the Vampire Slayer,6,22,8.9
Buffy the Vampire Slayer,7,1,7.6
Buffy the Vampire Slayer,7,2,7.8
Buffy the Vampire Slayer,7,3,7.9
Buffy the Vampire Slayer,7,4,7.8
Buffy the Vampire Slayer,7,5,8.7
Buffy the Vampire Slayer,7,6,7.1
Buffy the Vampire Slayer,7,7,8.9
Buffy the Vampire Slayer,7,8,7.7
Buffy the Vampire Slayer,7,9,7.8
Buffy the Vampire Slayer,7,10,7.7
Buffy the Vampire Slayer,7,11,8
Buffy the Vampire Slayer,7,12,7.6
Buffy the Vampire Slayer,7,13,7.2
Buffy the Vampire Slayer,7,14,7.4
Buffy the Vampire Slayer,7,15,7.5
Buffy the Vampire Slayer,7,16,8.2
Buffy the Vampire Slayer,7,17,8.7
Buffy the Vampire Slayer,7,18,8.6
Buffy the Vampire Slayer,7,19,7.6
Buffy the Vampire Slayer,7,20,8.4
Buffy the Vampire Slayer,7,21,8.5
Buffy the Vampire Slayer,7,22,9.3
Glee,1,1,8.4
Glee,1,2,7.9
Glee,1,3,7.6
Glee,1,4,8.3
Glee,1,5,7.9
Glee,1,6,8.2
Glee,1,7,8.1
Glee,1,8,8.1
Glee,1,9,8.6
Glee,1,10,8.3
Glee,1,11,7.9
Glee,1,12,8.1
Glee,1,13,9
Glee,1,14,8
Glee,1,15,8.6
Glee,1,16,7.8
Glee,1,17,8.1
Glee,1,18,8
Glee,1,19,8.5
Glee,1,20,8.4
Glee,1,21,7.8
Glee,1,22,9.1
Glee,2,1,8
Glee,2,2,8.2
Glee,2,3,7.9
Glee,2,4,8.3
Glee,2,5,8
Glee,2,6,8.6
Glee,2,7,8.5
Glee,2,8,8.7
Glee,2,9,8.1
Glee,2,10,8.2
Glee,2,11,8.5
Glee,2,12,8.2
Glee,2,13,7.5
Glee,2,14,8.5
Glee,2,15,8.1
Glee,2,16,8.8
Glee,2,17,7.2
Glee,2,18,8.5
Glee,2,19,7.9
Glee,2,20,8.4
Glee,2,21,8.5
Glee,2,22,8.2
Glee,3,1,7.5
Glee,3,2,7.5
Glee,3,3,8.1
Glee,3,4,7.5
Glee,3,5,8.3
Glee,3,6,8.3
Glee,3,7,8
Glee,3,8,8.4
Glee,3,9,7.3
Glee,3,10,8.4
Glee,3,11,8.4
Glee,3,12,7.5
Glee,3,13,8.1
Glee,3,14,8.8
Glee,3,15,7.5
Glee,3,16,7.6
Glee,3,17,8.1
Glee,3,18,8.1
Glee,3,19,8.2
Glee,3,20,8.4
Glee,3,21,9.1
Glee,3,22,8.6
Glee,4,1,8.2
Glee,4,2,7.4
Glee,4,3,7.4
Glee,4,4,8.7
Glee,4,5,7.5
Glee,4,6,7.9
Glee,4,7,7.2
Glee,4,8,7.6
Glee,4,9,8.2
Glee,4,10,7.6
Glee,4,11,7.1
Glee,4,12,7.4
Glee,4,13,7.3
Glee,4,14,8
Glee,4,15,7.7
Glee,4,16,7.8
Glee,4,17,7.8
Glee,4,18,8.5
Glee,4,19,7.6
Glee,4,20,7
Glee,4,21,7.4
Glee,4,22,7.5
Glee,5,1,7.8
Glee,5,2,7.5
Glee,5,3,9.5
Glee,5,4,7.1
Glee,5,5,6.6
Glee,5,6,7.2
Glee,5,7,6.6
Glee,5,8,6
Glee,5,9,7.7
Glee,5,10,7.3
Glee,5,11,8.2
Glee,5,12,8.8
Glee,5,13,8.7
Glee,5,14,7.6
Glee,5,15,7.5
Glee,5,16,7
Glee,5,17,8
Glee,5,18,6.8
Glee,5,19,7.2
Glee,5,20,7
Glee,6,1,7.6
Glee,6,2,8.1
Glee,6,3,7.7
Glee,6,4,7.1
Glee,6,5,7.6
Glee,6,6,7.4
Glee,6,7,7.8
Glee,6,8,8.5
Glee,6,9,7.2
Glee,6,10,7.3
Glee,6,11,8.1
Glee,6,12,8.7
Glee,6,13,9
Parks and Recreation,1,1,6.9
Parks and Recreation,1,2,7
Parks and Recreation,1,3,7.1
Parks and Recreation,1,4,7.2
Parks and Recreation,1,5,7.1
Parks and Recreation,1,6,7.6
Parks and Recreation,2,1,7.8
Parks and Recreation,2,2,8
Parks and Recreation,2,3,7.6
Parks and Recreation,2,4,8.2
Parks and Recreation,2,5,7.6
Parks and Recreation,2,6,7.6
Parks and Recreation,2,7,8.2
Parks and Recreation,2,8,8.3
Parks and Recreation,2,9,7.7
Parks and Recreation,2,10,8.6
Parks and Recreation,2,11,7.7
Parks and Recreation,2,12,7.9
Parks and Recreation,2,13,8
Parks and Recreation,2,14,7.9
Parks and Recreation,2,15,7.8
Parks and Recreation,2,16,7.5
Parks and Recreation,2,17,7.9
Parks and Recreation,2,18,7.9
Parks and Recreation,2,19,8.1
Parks and Recreation,2,20,7.8
Parks and Recreation,2,21,8.4
Parks and Recreation,2,22,8.2
Parks and Recreation,2,23,8.5
Parks and Recreation,2,24,8.5
Parks and Recreation,3,1,8.1
Parks and Recreation,3,2,8.9
Parks and Recreation,3,3,8
Parks and Recreation,3,4,8.5
Parks and Recreation,3,5,7.9
Parks and Recreation,3,6,8
Parks and Recreation,3,7,8.7
Parks and Recreation,3,8,7.9
Parks and Recreation,3,9,8.9
Parks and Recreation,3,10,8.4
Parks and Recreation,3,11,8.6
Parks and Recreation,3,12,8.1
Parks and Recreation,3,13,8.8
Parks and Recreation,3,14,8.4
Parks and Recreation,3,15,8.1
Parks and Recreation,3,16,8.8
Parks and Recreation,4,1,8
Parks and Recreation,4,2,8.6
Parks and Recreation,4,3,8
Parks and Recreation,4,4,8.2
Parks and Recreation,4,5,7.7
Parks and Recreation,4,6,8.5
Parks and Recreation,4,7,7.9
Parks and Recreation,4,8,7.9
Parks and Recreation,4,9,8.4
Parks and Recreation,4,10,8.4
Parks and Recreation,4,11,8.5
Parks and Recreation,4,12,8.3
Parks and Recreation,4,13,8.6
Parks and Recreation,4,14,8.1
Parks and Recreation,4,15,7.9
Parks and Recreation,4,16,7.6
Parks and Recreation,4,17,7.9
Parks and Recreation,4,18,7.8
Parks and Recreation,4,19,7.9
Parks and Recreation,4,20,8.7
Parks and Recreation,4,21,8.2
Parks and Recreation,4,22,9
Parks and Recreation,5,1,7.8
Parks and Recreation,5,2,7.8
Parks and Recreation,5,3,7.9
Parks and Recreation,5,4,8
Parks and Recreation,5,5,8.6
Parks and Recreation,5,6,7.7
Parks and Recreation,5,7,7.7
Parks and Recreation,5,8,7.7
Parks and Recreation,5,9,8.9
Parks and Recreation,5,10,8.8
Parks and Recreation,5,11,8
Parks and Recreation,5,12,7.6
Parks and Recreation,5,13,8.5
Parks and Recreation,5,14,9.2
Parks and Recreation,5,15,7.8
Parks and Recreation,5,16,8
Parks and Recreation,5,17,7.6
Parks and Recreation,5,18,8.2
Parks and Recreation,5,19,7.9
Parks and Recreation,5,20,8
Parks and Recreation,5,21,7.5
Parks and Recreation,5,22,8.3
Parks and Recreation,6,1,8.5
Parks and Recreation,6,2,8.6
Parks and Recreation,6,3,7.6
Parks and Recreation,6,4,7.9
Parks and Recreation,6,5,7.7
Parks and Recreation,6,6,8
Parks and Recreation,6,7,7.5
Parks and Recreation,6,8,7.6
Parks and Recreation,6,9,8.1
Parks and Recreation,6,10,7.6
Parks and Recreation,6,11,7.6
Parks and Recreation,6,12,7.6
Parks and Recreation,6,13,8.8
Parks and Recreation,6,14,7.9
Parks and Recreation,6,15,7.7
Parks and Recreation,6,16,7.4
Parks and Recreation,6,17,7.6
Parks and Recreation,6,18,7.6
Parks and Recreation,6,19,8.3
Parks and Recreation,6,20,8.1
Parks and Recreation,6,21,8.8
Parks and Recreation,6,22,9.3
Parks and Recreation,7,1,7.5
Parks and Recreation,7,2,8.1
Parks and Recreation,7,3,7.3
Parks and Recreation,7,4,9.5
Parks and Recreation,7,5,8.1
Parks and Recreation,7,6,7.9
Parks and Recreation,7,7,8.3
Parks and Recreation,7,8,8
Parks and Recreation,7,9,8.3
Parks and Recreation,7,10,8.3
Parks and Recreation,7,11,8.4
Parks and Recreation,7,12,9.5
Psych,1,1,8.1
Psych,1,2,7.9
Psych,1,3,7.8
Psych,1,4,7.5
Psych,1,5,8.2
Psych,1,6,8
Psych,1,7,7.8
Psych,1,8,7.9
Psych,1,9,8.1
Psych,1,10,8.1
Psych,1,11,8.1
Psych,1,12,8.4
Psych,1,13,7.6
Psych,1,14,8.1
Psych,1,15,8.7
Psych,2,1,8.8
Psych,2,2,8.4
Psych,2,3,8.4
Psych,2,4,7.8
Psych,2,5,7.8
Psych,2,6,8.1
Psych,2,7,7.9
Psych,2,8,7.7
Psych,2,9,8.5
Psych,2,10,8.3
Psych,2,11,8.1
Psych,2,12,8.2
Psych,2,13,9
Psych,2,14,7.7
Psych,2,15,8.3
Psych,2,16,8.7
Psych,3,1,8.1
Psych,3,2,8.9
Psych,3,3,7.7
Psych,3,4,8.5
Psych,3,5,8.3
Psych,3,6,7.7
Psych,3,7,8.1
Psych,3,8,8.7
Psych,3,9,8.2
Psych,3,10,7.9
Psych,3,11,8.7
Psych,3,12,8.2
Psych,3,13,8.1
Psych,3,14,7.9
Psych,3,15,9
Psych,3,16,9.4
Psych,4,1,8.6
Psych,4,2,7.8
Psych,4,3,8
Psych,4,4,8
Psych,4,5,8.1
Psych,4,6,8
Psych,4,7,8.6
Psych,4,8,7.9
Psych,4,9,9
Psych,4,10,7.9
Psych,4,11,8.1
Psych,4,12,8.1
Psych,4,13,8.4
Psych,4,14,7.5
Psych,4,15,8
Psych,4,16,9.4
Psych,5,1,8.1
Psych,5,2,8.5
Psych,5,3,8.8
Psych,5,4,7.8
Psych,5,5,8
Psych,5,6,8.6
Psych,5,7,7.7
Psych,5,8,8.5
Psych,5,9,8.5
Psych,5,10,8.9
Psych,5,11,8
Psych,5,12,9.3
Psych,5,13,8.5
Psych,5,14,7.8
Psych,5,15,8
Psych,5,16,8.7
Psych,6,1,8.6
Psych,6,2,9.6
Psych,6,3,8.6
Psych,6,4,8.3
Psych,6,5,7.9
Psych,6,6,8.4
Psych,6,7,8
Psych,6,8,8
Psych,6,9,8.4
Psych,6,10,8.7
Psych,6,11,9
Psych,6,12,8
Psych,6,13,8.1
Psych,6,14,8.3
Psych,6,15,7.9
Psych,6,16,8.8
Psych,7,1,8.5
Psych,7,2,8.1
Psych,7,3,8.4
Psych,7,4,8.2
Psych,7,5,8.8
Psych,7,6,7.6
Psych,7,7,8.8
Psych,7,8,8.3
Psych,7,9,7.9
Psych,7,10,7.9
Psych,7,11,9.1
Psych,7,12,7.7
Psych,7,13,7.7
Psych,7,14,8.2
Psych,7,15,8.2
Psych,8,1,8.5
Psych,8,2,8
Psych,8,3,7.7
Psych,8,4,7.8
Psych,8,5,8.1
Psych,8,6,7.7
Psych,8,7,7.7
Psych,8,8,7.8
Psych,8,9,6.2
Psych,8,10,9.4
Scrubs,1,1,8.4
Scrubs,1,2,8
Scrubs,1,3,7.9
Scrubs,1,4,9.1
Scrubs,1,5,8.1
Scrubs,1,6,8.1
Scrubs,1,7,7.9
Scrubs,1,8,8.1
Scrubs,1,9,8
Scrubs,1,10,8
Scrubs,1,11,7.8
Scrubs,1,12,8.1
Scrubs,1,13,7.8
Scrubs,1,14,8.1
Scrubs,1,15,8.4
Scrubs,1,16,7.7
Scrubs,1,17,7.9
Scrubs,1,18,7.8
Scrubs,1,19,8
Scrubs,1,20,7.9
Scrubs,1,21,7.6
Scrubs,1,22,9
Scrubs,1,23,8.7
Scrubs,1,24,8.7
Scrubs,2,1,8.5
Scrubs,2,2,7.8
Scrubs,2,3,7.9
Scrubs,2,4,7.8
Scrubs,2,5,7.8
Scrubs,2,6,7.9
Scrubs,2,7,7.9
Scrubs,2,8,8.2
Scrubs,2,9,8
Scrubs,2,10,8
Scrubs,2,11,8.1
Scrubs,2,12,8
Scrubs,2,13,8.5
Scrubs,2,14,7.9
Scrubs,2,15,8.6
Scrubs,2,16,8
Scrubs,2,17,7.9
Scrubs,2,18,8.5
Scrubs,2,19,7.9
Scrubs,2,20,8.2
Scrubs,2,21,7.9
Scrubs,2,22,8.5
Scrubs,3,1,8
Scrubs,3,2,7.8
Scrubs,3,3,7.9
Scrubs,3,4,8
Scrubs,3,5,8.1
Scrubs,3,6,7.9
Scrubs,3,7,8.5
Scrubs,3,8,8.2
Scrubs,3,9,7.9
Scrubs,3,10,7.8
Scrubs,3,11,7.8
Scrubs,3,12,8.9
Scrubs,3,13,8.6
Scrubs,3,14,9.7
Scrubs,3,15,8
Scrubs,3,16,8.7
Scrubs,3,17,7.9
Scrubs,3,18,8
Scrubs,3,19,8.1
Scrubs,3,20,8.2
Scrubs,3,21,8.1
Scrubs,3,22,8.5
Scrubs,4,1,8.4
Scrubs,4,2,8.2
Scrubs,4,3,8
Scrubs,4,4,8
Scrubs,4,5,8
Scrubs,4,6,8.8
Scrubs,4,7,7.9
Scrubs,4,8,8.7
Scrubs,4,9,8
Scrubs,4,10,8.2
Scrubs,4,11,8.3
Scrubs,4,12,8.7
Scrubs,4,13,7.9
Scrubs,4,14,8.2
Scrubs,4,15,8
Scrubs,4,16,8
Scrubs,4,17,8.3
Scrubs,4,18,8.2
Scrubs,4,19,8.4
Scrubs,4,20,8.3
Scrubs,4,21,8
Scrubs,4,22,8.2
Scrubs,4,23,7.8
Scrubs,4,24,7.9
Scrubs,4,25,8
Scrubs,5,1,7.9
Scrubs,5,2,7.8
Scrubs,5,3,8.1
Scrubs,5,4,8.4
Scrubs,5,5,7.9
Scrubs,5,6,7.8
Scrubs,5,7,9.1
Scrubs,5,8,8.2
Scrubs,5,9,8.6
Scrubs,5,10,8.3
Scrubs,5,11,7.8
Scrubs,5,12,8.2
Scrubs,5,13,8.4
Scrubs,5,14,7.9
Scrubs,5,15,8.2
Scrubs,5,16,8.4
Scrubs,5,17,8
Scrubs,5,18,7.8
Scrubs,5,19,8.6
Scrubs,5,20,9.6
Scrubs,5,21,9.2
Scrubs,5,22,7.9
Scrubs,5,23,8.1
Scrubs,5,24,8.4
Scrubs,6,1,8
Scrubs,6,2,8.1
Scrubs,6,3,7.8
Scrubs,6,4,8.1
Scrubs,6,5,7.7
Scrubs,6,6,9
Scrubs,6,7,8.1
Scrubs,6,8,8.5
Scrubs,6,9,8
Scrubs,6,10,7.8
Scrubs,6,11,5.4
Scrubs,6,12,7.8
Scrubs,6,13,8.1
Scrubs,6,14,8.7
Scrubs,6,15,9
Scrubs,6,16,8.2
Scrubs,6,17,8.4
Scrubs,6,18,7.9
Scrubs,6,19,8.4
Scrubs,6,20,8.4
Scrubs,6,21,8.1
Scrubs,6,22,8.4
Scrubs,7,1,8.1
Scrubs,7,2,7.9
Scrubs,7,3,7.8
Scrubs,7,4,7.8
Scrubs,7,5,7.9
Scrubs,7,6,8
Scrubs,7,7,7.7
Scrubs,7,8,7.8
Scrubs,7,9,8.5
Scrubs,7,10,7.8
Scrubs,7,11,8
Scrubs,8,1,8
Scrubs,8,2,9.3
Scrubs,8,3,7.7
Scrubs,8,4,8.1
Scrubs,8,5,8.2
Scrubs,8,6,8.1
Scrubs,8,7,7.9
Scrubs,8,8,8.3
Scrubs,8,9,7.5
Scrubs,8,10,7.6
Scrubs,8,11,7.5
Scrubs,8,12,7.6
Scrubs,8,13,7.7
Scrubs,8,14,7.9
Scrubs,8,15,8.1
Scrubs,8,16,7.7
Scrubs,8,17,8.1
Scrubs,8,18,9.1
Scrubs,8,19,9.7
Scrubs,9,1,6.5
Scrubs,9,2,6.5
Scrubs,9,3,6.4
Scrubs,9,4,6.5
Scrubs,9,5,6.2
Scrubs,9,6,6.1
Scrubs,9,7,6.3
Scrubs,9,8,5.9
Scrubs,9,9,6.5
Scrubs,9,10,6.3
Scrubs,9,11,5.9
Scrubs,9,12,6
Scrubs,9,13,6.1
Superstore,1,1,7.4
Superstore,1,2,7.4
Superstore,1,3,7.5
Superstore,1,4,7.3
Superstore,1,5,7.3
Superstore,1,6,7.4
Superstore,1,7,7.8
Superstore,1,8,7.4
Superstore,1,9,8
Superstore,1,10,7.4
Superstore,1,11,8.2
Superstore,2,1,7.2
Superstore,2,2,7.4
Superstore,2,3,7.4
Superstore,2,4,7.5
Superstore,2,5,7.8
Superstore,2,6,7.4
Superstore,2,7,8
Superstore,2,8,7.5
Superstore,2,9,7.8
Superstore,2,10,8.3
Superstore,2,11,7.5
Superstore,2,12,7.6
Superstore,2,13,7.8
Superstore,2,14,7.9
Superstore,2,15,7.6
Superstore,2,16,8
Superstore,2,17,7.4
Superstore,2,18,7.5
Superstore,2,19,7.5
Superstore,2,20,7.4
Superstore,2,21,8.7
Superstore,2,22,8.7
Superstore,3,1,7.7
Superstore,3,2,7.7
Superstore,3,3,7.5
Superstore,3,4,7.7
Superstore,3,5,8.3
Superstore,3,6,7.5
Superstore,3,7,7.8
Superstore,3,8,7.5
Superstore,3,9,7.4
Superstore,3,10,7.8
Superstore,3,11,7.7
Superstore,3,12,7.6
Superstore,3,13,7.6
Superstore,3,14,7.6
Superstore,3,15,8.1
Superstore,3,16,7.8
Superstore,3,17,7.4
Superstore,3,18,7.2
Superstore,3,19,7.4
Superstore,3,20,7.8
Superstore,3,21,7.9
Superstore,3,22,8.2
Superstore,4,1,7.7
Superstore,4,2,7.5
Superstore,4,3,7.7
Superstore,4,4,7.9
Superstore,4,5,7.6
Superstore,4,6,7.7
Superstore,4,7,7.5
Superstore,4,8,7.9
Superstore,4,9,7.4
Superstore,4,10,7.7
Superstore,4,11,7.4
Superstore,4,12,8.2
Superstore,4,13,7.6
Superstore,4,14,7.5
Superstore,4,15,7.6
Superstore,4,16,7.6
Superstore,4,17,7.4
Superstore,4,18,7.3
Superstore,4,19,7.6
Superstore,4,20,7.6
Superstore,4,21,7.7
Superstore,4,22,8.6
Superstore,5,1,7.5
Superstore,5,2,7.4
Superstore,5,3,7.7
Superstore,5,4,7.2
Superstore,5,5,7.2
Superstore,5,6,7.8
Superstore,5,7,7.4
Superstore,5,8,7.2
Superstore,5,9,7.5
Superstore,5,10,7.8
Superstore,5,11,6.8
Superstore,5,12,7.4
Superstore,5,13,7.5
Superstore,5,14,8
Superstore,5,15,7.2
Superstore,5,16,7.9
Superstore,5,17,7.4
Superstore,5,18,7.4
Superstore,5,19,7.3
Superstore,5,20,7.8
Superstore,5,21,7.8
Superstore,6,1,8
Superstore,6,2,7.8
Superstore,6,3,7.9
Superstore,6,4,7.9
Superstore,6,5,6.9
Superstore,6,6,7.7
Superstore,6,7,7.8
Superstore,6,8,7.8
Superstore,6,9,7.9
Superstore,6,10,8
Superstore,6,11,8.2
Superstore,6,12,8.4
Superstore,6,13,7.9
Superstore,6,14,8.5
Superstore,6,15,9.5
True Blood,1,1,7.8
True Blood,1,2,7.9
True Blood,1,3,7.7
True Blood,1,4,8
True Blood,1,5,8.3
True Blood,1,6,8.1
True Blood,1,7,8
True Blood,1,8,8
True Blood,1,9,8.1
True Blood,1,10,8.3
True Blood,1,11,8.1
True Blood,1,12,8.5
True Blood,2,1,8.1
True Blood,2,2,8.2
True Blood,2,3,8.3
True Blood,2,4,8.2
True Blood,2,5,7.9
True Blood,2,6,8.2
True Blood,2,7,8.4
True Blood,2,8,8.8
True Blood,2,9,8.7
True Blood,2,10,8.5
True Blood,2,11,8
True Blood,2,12,8.1
True Blood,3,1,8.1
True Blood,3,2,8
True Blood,3,3,7.9
True Blood,3,4,8
True Blood,3,5,8.1
True Blood,3,6,8.1
True Blood,3,7,8.1
True Blood,3,8,8.2
True Blood,3,9,8.6
True Blood,3,10,7.9
True Blood,3,11,8.1
True Blood,3,12,8.1
True Blood,4,1,8
True Blood,4,2,8.2
True Blood,4,3,8
True Blood,4,4,7.9
True Blood,4,5,8
True Blood,4,6,8.1
True Blood,4,7,8.3
True Blood,4,8,8.1
True Blood,4,9,7.8
True Blood,4,10,7.9
True Blood,4,11,8.2
True Blood,4,12,8.4
True Blood,5,1,8.1
True Blood,5,2,7.7
True Blood,5,3,7.7
True Blood,5,4,7.7
True Blood,5,5,7.9
True Blood,5,6,7.9
True Blood,5,7,7.5
True Blood,5,8,7.6
True Blood,5,9,7.8
True Blood,5,10,7.7
True Blood,5,11,8.1
True Blood,5,12,8.4
True Blood,6,1,7.8
True Blood,6,2,7.7
True Blood,6,3,7.6
True Blood,6,4,8.2
True Blood,6,5,8
True Blood,6,6,8.1
True Blood,6,7,7.8
True Blood,6,8,7.6
True Blood,6,9,8
True Blood,6,10,7.4
True Blood,7,1,7
True Blood,7,2,6.8
True Blood,7,3,7.2
True Blood,7,4,7.9
True Blood,7,5,7.4
True Blood,7,6,7.5
True Blood,7,7,6.9
True Blood,7,8,7.1
True Blood,7,9,7
True Blood,7,10,5.4
Brooklyn Nine-Nine,,,
Chuck,,,
Community,,,
Dawson's Creek,,,
Downton Abbey,,,
Orange Is the New Black,,,
Smallville,,,
The Mindy Project,,,
Veronica Mars,,,
House,,,
Jane the Virgin,,,
My So-Called Life,,,
NCIS,,,
Remington Steele,,,
The Vampire Diaries,,,
Younger,,,
Abbott Elementary,,,
Agents of S.H.I.E.L.D.,,,
Alias,,,
Arrow,,,
Boy Meets World,,,
Desperate Housewives,,,
ER,,,
Felicity,,,
Fringe,,,
Futurama,,,
Living Single,,,
LOST,,,
Never Have I Ever,,,
One Tree Hill,,,
Saved by the Bell,,,
Stranger Things,,,
Teen Wolf,,,
The Big Bang Theory,,,
The Good Place,,,
The Good Wife,,,
The Nanny,,,
The O.C.,,,
The Sopranos,,,
90210,,,
7th Heaven,,,
Anne With An E,,,
Baby Daddy,,,
Battlestar Galactica,,,
Better Call Saul,,,
"Beverly Hills, 90210",,,
Californication,,,
Chicago Med,,,
Crazy Ex-Girlfriend,,,
Doug,,,
Farscape,,,
Fleabag,,,
Good Girls,,,
Gotham,,,
Grey's Anatomy,,,
Killing Eve,,,
Lucifer,,,
Mad Men,,,
Melissa & Joey,,,
Miss Fisher's Murder Mysteries,,,
Ned's Declassified School Survival Guide,,,
Nikita,,,
Once Upon a Time,,,
Pretty Little Liars,,,
Road to Avonlea,,,
Sabrina the Teenage Witch,,,
Scarecrow and Mrs. King,,,
Sense8,,,
Sex Education,,,
Shadowhunters,,,
Shameless,,,
Skins,,,
Sons of Anarchy,,,
Suits,,,
Supergirl,,,
Supernatural,,,
Take Two,,,
That 70's Show,,,
The Flash,,,
The Gifted,,,
The Mentalist,,,
Lois & Clark: The New Adventures of Superman,,,
The Office (UK),,,
The Rookie,,,
The West Wing,,,
This Is Us,,,
Who's the Boss?,,,
Wings,,,
Shadowhunters,,,
Shameless,,,
Skins,,,
Sleepy Hollow,,,
Sons of Anarchy,,,
Star Trek: The Next Generation,,,
Suits,,,
Supergirl,,,
Supernatural,,,
Take Two,,,
The Alienist,,,
The Americans,,,
The Flash,,,
The Gifted,,,
The Mentalist,,,
The New Adventures of Superman,,,
The Office (UK),,,
The Rookie,,,
The West Wing,,,
This Is Us,,,
Timeless,,,
Who's the Boss?,,,
Wings,,,